PlayerName,Team,POS,ADP,PA,mRBI,mR,mSB,mHR,mOBP,PTS,aPOS,Dollars,Cost
Mike Trout,Angels,OF,1.1,635,9.8,13.3,6.5,9.4,18.5,57.5,11.2,69.8,
Giancarlo Stanton,Yankees,OF,8.9,584,15.8,10.1,-3.8,18.4,6.4,46.9,11.2,59.2,
Bryce Harper,Nationals,OF,8.5,589,7.3,7.5,0.1,7.5,14.1,36.5,11.2,48.7,
Paul Goldschmidt,Diamondbacks,1B,4.6,644,6.7,8.0,4.0,5.0,12.6,36.2,8.5,45.7,
Trea Turner,Nationals,SS,4.9,628,-3.3,7.1,23.7,-3.7,0.4,24.3,19.9,45.2,
Jose Altuve,Astros,2B,2.1,652,2.9,6.7,8.6,-2.3,5.0,20.9,20.3,42.2,
Anthony Rizzo,Cubs,1B,25.2,633,8.1,8.0,-0.9,6.5,10.1,31.7,8.5,41.2,
Kris Bryant,Cubs,3B,15.3,644,6.0,9.6,-0.7,6.0,9.5,30.3,9.2,40.5,
Francisco Lindor,Indians,SS,20.9,662,3.8,8.3,3.2,1.7,2.6,19.6,19.9,40.5,
Mookie Betts,Red Sox,OF,8.4,639,4.0,9.6,7.0,2.1,5.1,27.7,11.2,40.0,
Nolan Arenado,Rockies,3B,5.3,643,12.2,8.2,-3.3,9.5,2.9,29.6,9.2,39.8,
Brian Dozier,Twins,2B,37.7,654,2.8,7.9,2.6,4.5,-0.4,17.4,20.3,38.7,
Joey Votto,Reds,1B,18.8,641,3.8,6.9,-2.7,3.2,17.7,28.9,8.5,38.4,
Carlos Correa,Astros,SS,14.2,592,5.8,3.8,-1.3,2.8,5.1,16.1,19.9,37.1,
Jose Ramirez,Indians,2B/3B,19,641,4.5,4.8,4.8,-1.1,2.4,15.5,20.3,36.9,
Aaron Judge,Yankees,OF,18.2,609,6.2,6.6,-1.4,8.5,4.5,24.3,11.2,36.5,
Manny Machado,Orioles,3B,18.3,644,9.1,7.4,-0.8,8.5,1.0,25.2,9.2,35.4,
Josh Donaldson,Blue Jays,3B,29.3,616,6.4,7.4,-3.0,7.1,6.9,24.8,9.2,35.0,
Gary Sanchez,Yankees,C,20.1,503,2.5,-1.8,-3.4,4.4,-2.2,-0.5,33.9,34.4,
Charlie Blackmon,Rockies,OF,8,661,1.1,9.7,5.0,2.0,3.6,21.3,11.2,33.6,
Freddie Freeman,Braves,1B,22,601,4.9,4.0,-1.1,4.3,9.5,21.7,8.5,31.1,
George Springer,Astros,OF,30.7,610,2.0,7.5,0.3,4.5,4.2,18.5,11.2,30.8,
Rhys Hoskins,Phillies,1B/OF,50,599,7.1,3.2,-2.6,8.5,1.8,17.9,11.2,30.2,
Alex Bregman,Astros,3B/SS,32.3,625,2.3,4.2,2.0,-0.1,0.0,8.3,19.9,29.3,
Christian Yelich,Brewers,OF,61,642,1.0,6.1,1.3,0.1,7.4,15.9,11.2,28.2,
Cody Bellinger,Dodgers,1B/OF,24,587,6.8,2.1,0.3,7.8,-1.4,15.6,11.2,27.8,
Edwin Encarnacion,Indians,1B/DH,56.4,606,7.5,4.3,-4.4,7.4,2.8,17.7,8.5,27.1,
Corey Seager,Dodgers,SS,38.8,610,0.5,4.4,-3.0,0.9,3.1,6.0,19.9,26.9,
Buster Posey,Giants,C/1B,59,528,-2.6,-3.8,-3.2,-4.5,5.1,-9.0,33.9,26.0,
J.D. Martinez,Red Sox,OF,25.3,544,7.1,2.1,-3.6,6.0,1.8,13.3,11.2,25.5,
Andrew McCutchen,Giants,OF,86.1,637,1.3,4.9,0.2,1.5,4.9,12.7,11.2,25.0,
Joey Gallo,Rangers,1B/3B,115.8,575,5.7,2.3,-1.7,9.2,-1.5,14.1,9.2,24.3,
Marcell Ozuna,Cardinals,OF,47.8,605,7.0,2.2,-3.9,4.4,2.1,11.8,11.2,24.1,
Andrew Benintendi,Red Sox,OF,41.7,634,1.6,5.1,3.8,-2.2,2.9,11.3,11.2,23.5,
Willson Contreras,Cubs,C,52.6,490,-2.2,-5.4,-2.1,-2.1,0.0,-11.8,33.9,23.2,
Robinson Cano,Mariners,2B,83.5,631,4.3,1.1,-4.4,1.4,-1.6,0.7,20.3,22.1,
Justin Upton,Angels,OF,47.8,611,4.8,1.8,0.8,4.7,-3.2,8.9,11.2,21.2,
Jonathan Schoop,Orioles,2B,63.2,614,4.8,1.1,-4.3,4.1,-5.9,-0.2,20.3,21.2,
Rougned Odor,Rangers,2B,107.8,571,2.9,-1.2,2.3,3.6,-8.2,-0.6,20.3,20.7,
Khris Davis,Athletics,OF/DH,69.8,599,6.9,1.8,-3.7,8.1,-5.1,7.9,11.2,20.1,
DJ LeMahieu,Rockies,2B,130.1,651,-4.5,4.3,0.3,-7.8,6.2,-1.5,20.3,19.8,
Jose Abreu,White Sox,1B,41.8,613,6.4,2.1,-4.2,4.6,1.0,9.8,8.5,19.3,
Elvis Andrus,Rangers,SS,58.4,638,-2.9,1.3,7.8,-6.5,-2.4,-2.7,19.9,18.3,
Carlos Santana,Phillies,1B,171,595,1.8,1.7,-2.8,2.7,5.0,8.4,8.5,17.8,
Xander Bogaerts,Red Sox,SS,85.4,592,-0.8,0.2,0.5,-4.6,1.4,-3.3,19.9,17.6,
Wil Myers,Padres,1B,69.2,613,1.7,0.4,4.6,3.0,-1.8,7.9,8.5,17.4,
Dee Gordon,Mariners,2B,28.5,647,-8.6,0.6,20.8,-10.9,-5.9,-4.0,20.3,17.3,
Trevor Story,Rockies,SS,118.6,561,1.4,-2.4,0.1,1.3,-4.1,-3.7,19.9,17.3,
Starling Marte,Pirates,OF,50.8,603,-3.4,0.7,12.6,-4.1,-0.9,5.0,11.2,17.2,
Domingo Santana,Brewers,OF,80.7,575,1.0,-0.4,0.2,1.8,1.3,3.9,11.2,16.2,
Yoan Moncada,White Sox,2B,132.7,603,-4.8,-1.2,6.6,-2.9,-3.9,-6.3,20.3,15.1,
Tommy Pham,Cardinals,OF,59,574,-3.4,0.8,5.4,-2.1,2.0,2.8,11.2,15.0,
A.J. Pollock,Diamondbacks,OF,63.3,560,-4.3,2.1,7.7,-2.7,0.0,2.7,11.2,15.0,
Anthony Rendon,Nationals,3B,57.7,580,0.6,0.9,-1.3,-1.0,5.6,4.8,9.2,15.0,
Yasiel Puig,Dodgers,OF,111.4,522,0.9,-2.3,0.5,1.1,2.5,2.7,11.2,15.0,
Nomar Mazara,Rangers,OF,156.8,625,3.0,2.1,-3.5,1.3,-0.8,2.1,11.2,14.4,
Salvador Perez,Royals,C,97.4,505,-1.4,-6.7,-4.7,0.1,-8.1,-20.7,33.9,14.3,
Daniel Murphy,Nationals,2B,68.9,517,-1.0,-2.4,-3.8,-3.8,3.7,-7.2,20.3,14.1,
Justin Turner,Dodgers,3B,83.5,570,1.0,0.7,-2.7,-0.6,5.1,3.4,9.2,13.7,
Marcus Semien,Athletics,SS,230.7,589,-3.2,-0.1,1.6,-1.1,-4.4,-7.3,19.9,13.7,
Jake Lamb,Diamondbacks,3B,118.9,593,2.8,0.0,-2.1,1.7,0.8,3.2,9.2,13.5,
Evan Gattis,Astros,C/DH,147.5,417,-3.9,-8.2,-4.3,-0.3,-5.1,-21.8,33.9,13.2,
Justin Smoak,Blue Jays,1B,151.2,595,4.0,1.1,-4.5,4.4,-1.9,3.2,8.5,12.6,
J.T. Realmuto,Marlins,C,102.3,520,-6.2,-6.3,-1.1,-5.1,-3.7,-22.4,33.9,12.5,
Ian Kinsler,Angels,2B,189.1,613,-3.8,1.5,1.5,-2.2,-5.9,-8.9,20.3,12.5,
Eric Hosmer,Padres,1B,72,624,2.9,-0.2,-2.8,1.2,1.7,2.8,8.5,12.2,
Yoenis Cespedes,Mets,OF,95.3,559,2.8,-0.9,-3.8,4.3,-2.7,-0.2,11.2,12.0,
Whit Merrifield,Royals,2B,72.8,631,-5.7,-0.5,9.3,-6.3,-6.2,-9.4,20.3,11.9,
Ozzie Albies,Braves,2B,137.5,600,-5.7,-1.4,6.8,-6.5,-3.5,-10.3,20.3,11.1,
Shin-Soo Choo,Rangers,OF/DH,258.2,588,-2.9,1.2,-0.1,-1.4,2.1,-1.2,11.2,11.0,
Miguel Cabrera,Tigers,1B,94.7,538,1.2,-1.5,-4.6,1.1,4.5,0.6,8.5,10.1,
Kyle Seager,Mariners,3B,137.2,604,2.7,0.3,-3.7,2.2,-1.6,-0.2,9.2,10.0,
Matt Olson,Athletics,1B,125.7,575,2.6,-0.2,-4.0,5.0,-3.2,0.1,8.5,9.5,
Mike Zunino,Mariners,C,159.7,432,-5.2,-9.0,-4.5,0.1,-6.9,-25.4,33.9,9.5,
Jean Segura,Mariners,SS,77.7,584,-5.9,-1.4,6.3,-6.0,-4.6,-11.5,19.9,9.4,
Cesar Hernandez,Phillies,2B,257.4,630,-8.5,0.2,3.6,-9.1,1.9,-11.9,20.3,9.4,
Josh Bell,Pirates,1B,182.8,610,1.9,-0.8,-2.5,-0.5,1.6,-0.3,8.5,9.1,
Byron Buxton,Twins,OF,52.7,569,-1.8,-1.1,7.0,-1.6,-5.6,-3.1,11.2,9.1,
Kevin Kiermaier,Rays,OF,157.6,634,-3.5,0.7,6.9,-2.4,-5.5,-3.8,11.2,8.5,
Javier Baez,Cubs,2B/SS,101.2,510,-1.4,-5.8,0.4,-0.3,-5.4,-12.5,19.9,8.5,
Lorenzo Cain,Brewers,OF,93.6,590,-4.2,0.5,4.3,-4.1,-0.4,-3.9,11.2,8.3,
Tim Beckham,Orioles,SS,266.7,611,-2.5,-0.5,-0.8,-1.3,-7.9,-13.0,19.9,7.9,
Matt Carpenter,Cardinals,1B,179.4,572,-3.8,1.6,-3.5,-2.6,6.4,-1.9,8.5,7.5,
Eddie Rosario,Twins,OF,119.4,578,2.4,-1.7,0.5,-0.1,-5.9,-4.7,11.2,7.5,
Brandon Belt,Giants,1B,303.4,570,-0.5,-1.6,-2.8,-1.6,4.3,-2.2,8.5,7.3,
Jorge Polanco,Twins,SS,202.1,555,-4.0,-3.4,1.9,-5.5,-2.7,-13.7,19.9,7.2,
Adam Eaton,Nationals,OF,153.1,611,-6.5,2.4,2.5,-6.9,3.4,-5.1,11.2,7.2,
Nick Castellanos,Tigers,3B/OF,102.2,591,1.9,-0.7,-2.8,0.4,-4.0,-5.2,11.2,7.1,
Eric Thames,Brewers,1B/OF,188.8,496,-1.8,-3.3,-1.6,1.3,-0.1,-5.4,11.2,6.8,
Chris Davis,Orioles,1B,247.1,533,0.9,-1.9,-4.3,5.1,-2.6,-2.8,8.5,6.6,
Adam Jones,Orioles,OF,146.1,590,2.5,-0.5,-4.0,2.5,-6.1,-5.6,11.2,6.6,
Kyle Schwarber,Cubs,OF,178.1,488,-1.3,-3.2,-3.6,3.0,-0.7,-5.9,11.2,6.4,
Delino DeShields,Rangers,OF,213.7,595,-8.0,-0.8,13.4,-7.8,-2.7,-5.9,11.2,6.3,
Jason Kipnis,Indians,2B,261.2,543,-5.0,-2.7,0.3,-4.9,-2.7,-15.0,20.3,6.3,
Miguel Sano,Twins,3B/DH,103.9,473,0.5,-3.4,-4.7,3.0,0.2,-4.3,9.2,5.9,
Evan Longoria,Giants,3B,198.6,612,3.2,-0.7,-3.3,0.5,-4.1,-4.4,9.2,5.8,
Paul DeJong,Cardinals,2B/SS,148.2,526,0.1,-5.5,-3.7,0.3,-6.7,-15.4,19.9,5.5,
Didi Gregorius,Yankees,SS,113,563,-1.1,-3.6,-2.9,-2.0,-6.0,-15.5,19.9,5.4,
Mike Moustakas,,3B,118.7,526,2.0,-2.6,-4.6,3.5,-3.3,-5.0,9.2,5.2,
Odubel Herrera,Phillies,OF,213,633,-3.0,0.1,2.5,-4.4,-2.4,-7.1,11.2,5.1,
Dexter Fowler,Cardinals,OF,252.3,556,-5.9,-0.5,0.3,-4.4,3.3,-7.2,11.2,5.0,
Brett Gardner,Yankees,OF,179.8,569,-6.5,1.0,3.1,-4.6,-0.4,-7.2,11.2,5.0,
Russell Martin,Blue Jays,C,320.5,393,-9.3,-10.8,-3.8,-4.6,-1.6,-30.1,33.9,4.8,
Travis Shaw,Brewers,3B,94.9,577,1.5,-2.3,-2.2,1.8,-4.4,-5.6,9.2,4.6,
Eugenio Suarez,Reds,3B,192.3,596,-0.9,-1.6,-1.7,0.0,-1.7,-5.8,9.2,4.4,
Yadier Molina,Cardinals,C,148.1,450,-7.3,-10.8,-2.4,-7.3,-3.1,-30.9,33.9,4.1,
Joe Panik,Giants,2B,382.3,578,-6.1,-2.3,-2.7,-7.0,0.8,-17.3,20.3,4.0,
Ryan McMahon,Rockies,1B/2B/3B,349.8,500,-4.4,-6.6,-0.7,-5.4,-0.5,-17.5,20.3,3.8,
Adrian Beltre,Rangers,3B/DH,158.6,538,0.4,-2.4,-4.4,-1.6,1.0,-6.9,9.2,3.4,
Gregory Polanco,Pirates,OF,158.4,557,-2.3,-3.8,2.1,-2.9,-2.2,-9.1,11.2,3.1,
Ryan Braun,Brewers,OF,112.6,455,-2.7,-5.7,0.5,-1.0,-0.2,-9.2,11.2,3.0,
Kole Calhoun,Angels,OF,288.4,589,-1.8,-0.9,-3.2,-1.8,-1.7,-9.4,11.2,2.8,
Ian Desmond,Rockies,1B/OF,113.2,494,-2.6,-5.3,2.3,-2.6,-1.2,-9.5,11.2,2.8,
Yonder Alonso,Indians,1B,298.9,553,-0.9,-2.3,-3.8,-1.6,1.5,-7.0,8.5,2.5,
Jonathan Lucroy,,C,184.2,414,-8.9,-11.8,-4.2,-7.3,-0.3,-32.5,33.9,2.4,
Ian Happ,Cubs,2B/OF,137.4,506,-1.8,-4.6,0.1,0.5,-4.2,-10.1,11.2,2.1,
Chris Taylor,Dodgers,2B/OF,91.1,618,-5.7,0.4,4.2,-5.6,-3.5,-10.2,11.2,2.1,
Ender Inciarte,Braves,OF,119.8,649,-7.0,0.6,5.7,-7.9,-1.6,-10.3,11.2,2.0,
Willie Calhoun,Rangers,OF/DH,258.5,516,-0.5,-3.7,-3.4,0.3,-3.1,-10.4,11.2,1.9,
Josh Harrison,Pirates,2B/3B,264.6,561,-6.3,-4.3,1.7,-6.7,-4.0,-19.5,20.3,1.9,
Gregory Bird,Yankees,1B,152.1,484,-1.0,-3.7,-4.0,1.8,-0.7,-7.6,8.5,1.8,
Brian McCann,Astros,C,215.3,356,-9.3,-12.1,-4.5,-4.1,-3.3,-33.3,33.9,1.6,
Andrelton Simmons,Angels,SS,198.9,565,-4.9,-4.9,1.3,-6.7,-4.4,-19.6,19.9,1.4,
Trey Mancini,Orioles,1B/OF,154.3,577,0.2,-2.5,-4.2,-0.7,-4.0,-11.2,11.2,1.1,
Jackie Bradley Jr.,Red Sox,OF,283.9,536,-2.4,-3.3,-1.3,-3.0,-1.2,-11.2,11.2,1.1,
Nelson Cruz,Mariners,DH,55.6,597,7.7,2.8,-4.4,7.6,1.4,15.1,-15.1,1.0,
Justin Bour,Marlins,1B,198.6,520,-0.5,-4.5,-4.5,1.7,-0.6,-8.5,8.5,1.0,
Rafael Devers,Red Sox,3B,125,518,-0.4,-3.6,-1.8,-2.0,-1.4,-9.2,9.2,1.0,
Avisail Garcia,White Sox,OF,198.2,546,-1.4,-4.3,-2.3,-2.1,-1.0,-11.2,11.2,1.0,
Brandon Crawford,Giants,SS,333.6,574,-3.1,-6.1,-2.2,-4.8,-3.8,-19.9,19.9,1.0,
Jed Lowrie,Athletics,2B,428.1,575,-4.7,-3.2,-4.5,-6.6,-1.3,-20.3,20.3,1.0,
Welington Castillo,White Sox,C,171.1,400,-8.3,-11.9,-4.7,-3.8,-5.2,-33.9,33.9,1.0,
Ben Zobrist,Cubs,2B/OF,454.9,493,-6.4,-6.6,-3.2,-6.3,1.3,-21.2,20.3,0.1,
Orlando Arcia,Brewers,SS,186.4,549,-4.9,-7.6,2.8,-5.2,-6.0,-20.9,19.9,0.1,
Todd Frazier,Mets,3B,286.9,552,-0.9,-4.6,-1.7,2.0,-5.2,-10.3,9.2,-0.1,
Addison Russell,Cubs,SS,258.9,485,-4.1,-7.8,-3.0,-2.8,-3.3,-21.1,19.9,-0.2,
Matt Chapman,Athletics,3B,284.9,562,-0.2,-3.3,-1.6,2.2,-8.1,-10.9,9.2,-0.7,
Jay Bruce,Mets,OF,161.8,530,0.1,-4.6,-3.9,1.9,-6.7,-13.2,11.2,-0.9,
Zack Cozart,Angels,SS,222.7,509,-4.7,-5.8,-3.5,-3.9,-4.1,-22.0,19.9,-1.0,
Tim Anderson,White Sox,SS,197.3,594,-4.9,-4.5,3.4,-5.0,-10.9,-22.0,19.9,-1.0,
Billy Hamilton,Reds,OF,61.3,537,-11.1,-6.0,21.7,-9.9,-8.0,-13.3,11.2,-1.1,
Robinson Chirinos,Rangers,C,259.1,334,-10.7,-13.1,-3.8,-5.2,-3.3,-36.0,33.9,-1.1,
Dustin Pedroia,Red Sox,2B,425.9,469,-8.2,-5.9,-2.4,-8.1,1.8,-22.8,20.3,-1.5,
Michael Conforto,Mets,OF,184.4,454,-5.0,-5.3,-3.7,-0.2,0.5,-13.8,11.2,-1.5,
Marwin Gonzalez,Astros,1B/2B/SS/OF,114.2,468,-5.3,-7.7,-1.4,-4.2,-3.9,-22.6,19.9,-1.6,
Manuel Margot,Padres,OF,145.9,604,-6.8,-2.2,6.9,-5.3,-7.0,-14.5,11.2,-2.2,
Neil Walker,,2B,414.9,424,-6.6,-8.7,-4.2,-4.0,-0.1,-23.6,20.3,-2.3,
Maikel Franco,Phillies,3B,235.1,531,0.3,-5.0,-4.5,1.4,-4.8,-12.6,9.2,-2.4,
David Peralta,Diamondbacks,OF,253.5,523,-4.6,-3.5,-1.4,-4.5,-0.9,-14.8,11.2,-2.6,
Michael Brantley,Indians,OF,243.9,457,-5.2,-6.1,-0.1,-5.6,2.1,-14.8,11.2,-2.6,
Mitch Haniger,Mariners,OF,212.7,541,-3.3,-4.4,-1.3,-2.0,-3.8,-14.8,11.2,-2.6,
Bradley Zimmer,Indians,OF,201.7,498,-6.3,-6.5,7.5,-5.1,-4.6,-15.0,11.2,-2.8,
Josh Reddick,Astros,OF,271.9,491,-3.6,-5.4,-1.8,-3.7,-0.9,-15.5,11.2,-3.2,
Ryan Zimmerman,Nationals,1B,131.8,477,-0.7,-5.8,-4.3,0.5,-2.5,-12.7,8.5,-3.3,
Jose Peraza,Reds,2B/SS,204.7,520,-9.5,-8.2,8.1,-9.7,-5.0,-24.2,19.9,-3.3,
Kolten Wong,Cardinals,2B,373.1,470,-7.8,-9.3,-0.8,-7.2,0.5,-24.6,20.3,-3.3,
Austin Hedges,Padres,C,268.4,415,-8.4,-13.4,-3.3,-3.9,-9.3,-38.3,33.9,-3.3,
Asdrubal Cabrera,Mets,2B/3B/SS,308.8,504,-6.8,-6.4,-3.3,-4.3,-3.6,-24.5,19.9,-3.5,
Starlin Castro,Marlins,2B,273.5,561,-3.8,-6.5,-3.8,-4.4,-6.4,-24.9,20.3,-3.6,
Alex Avila,Diamondbacks,C,362.7,326,-13.0,-14.9,-4.5,-7.6,0.9,-39.1,33.9,-4.1,
Jason Castro,Twins,C,377.7,358,-11.6,-12.9,-3.9,-7.4,-3.3,-39.1,33.9,-4.2,
Tyler Flowers,Braves,C,298.8,340,-11.1,-15.0,-4.7,-7.0,-1.4,-39.1,33.9,-4.2,
Yulieski Gurriel,Astros,1B,209.2,501,-1.3,-4.7,-3.3,-2.8,-1.7,-13.8,8.5,-4.4,
Jonathan Villar,Brewers,2B,183.3,380,-12.7,-10.7,8.1,-7.6,-2.9,-25.8,20.3,-4.5,
Ketel Marte,Diamondbacks,SS,352.4,495,-7.8,-8.5,0.4,-9.1,-0.4,-25.4,19.9,-4.5,
Stephen Piscotty,Athletics,OF,292,522,-4.9,-5.2,-1.8,-4.0,-1.0,-16.9,11.2,-4.6,
James McCann,Tigers,C,302.7,410,-10.0,-12.7,-4.1,-6.7,-6.0,-39.6,33.9,-4.6,
Max Kepler,Twins,OF,280.6,486,-4.0,-6.2,-1.9,-3.1,-2.0,-17.2,11.2,-4.9,
Wilson Ramos,Rays,C,161.9,339,-10.3,-14.6,-4.8,-5.0,-5.2,-39.9,33.9,-5.0,
Scooter Gennett,Reds,2B,205.1,492,-4.7,-8.8,-3.0,-3.9,-6.1,-26.6,20.3,-5.2,
Randal Grichuk,Blue Jays,OF,319.1,462,-1.9,-6.5,-2.6,1.3,-8.2,-17.8,11.2,-5.6,
Aaron Hicks,Yankees,OF,233.1,468,-6.5,-6.7,0.5,-4.3,-0.8,-17.9,11.2,-5.6,
Austin Barnes,Dodgers,C/2B,183.7,324,-13.2,-15.9,-2.3,-9.2,-0.3,-40.8,33.9,-5.9,
Jorge Soler,Royals,OF,447.5,521,-3.9,-6.3,-4.2,-1.1,-2.7,-18.2,11.2,-5.9,
Scott Schebler,Reds,OF,283.8,479,-3.0,-7.7,-2.2,-0.3,-5.1,-18.3,11.2,-6.0,
J.P. Crawford,Phillies,2B/3B/SS,372.8,528,-7.6,-8.7,-1.4,-6.6,-2.8,-27.0,19.9,-6.1,
Yasmani Grandal,Dodgers,C,229.4,278,-12.6,-16.4,-4.6,-6.1,-1.5,-41.2,33.9,-6.3,
Travis d'Arnaud,Mets,C,290.2,331,-11.5,-15.5,-4.7,-6.4,-3.6,-41.8,33.9,-6.8,
Steven Souza Jr.,Diamondbacks,OF,185.4,422,-6.4,-8.3,-0.6,-2.4,-1.4,-19.1,11.2,-6.9,
Jedd Gyorko,Cardinals,3B,355.3,484,-2.8,-7.1,-3.1,-0.6,-3.9,-17.5,9.2,-7.3,
Christian Vazquez,Red Sox,C,289.7,351,-12.6,-14.0,-2.0,-10.3,-3.3,-42.2,33.9,-7.3,
Troy Tulowitzki,Blue Jays,SS,381.4,406,-7.2,-10.2,-4.4,-4.0,-2.7,-28.5,19.9,-7.6,
Francisco Cervelli,Pirates,C,438.8,358,-13.4,-15.9,-3.8,-10.5,1.0,-42.5,33.9,-7.6,
Adam Duvall,Reds,OF,172,506,-1.3,-7.0,-2.9,0.6,-9.6,-20.2,11.2,-8.0,
Joc Pederson,Dodgers,OF,373.9,387,-7.2,-10.1,-2.4,-2.1,1.2,-20.6,11.2,-8.4,
Joe Mauer,Twins,1B,396.6,523,-6.3,-3.6,-4.1,-7.4,3.5,-17.9,8.5,-8.4,
Tucker Barnhart,Reds,C,328.2,368,-12.6,-15.6,-4.0,-9.5,-1.7,-43.4,33.9,-8.5,
Ronald Acuna,Braves,OF,123.6,413,-7.8,-11.5,6.5,-5.7,-2.4,-20.9,11.2,-8.7,
Aaron Altherr,Phillies,OF,261,453,-5.4,-8.3,-0.8,-3.1,-3.3,-21.0,11.2,-8.8,
Adam Frazier,Pirates,2B/OF,399.1,448,-12.8,-8.5,1.8,-10.6,0.0,-30.2,20.3,-8.8,
Devon Travis,Blue Jays,2B,410.1,406,-9.7,-9.1,-1.4,-6.7,-3.5,-30.3,20.3,-9.0,
Brandon Phillips,,2B/3B,390.7,469,-8.5,-9.5,0.2,-7.8,-5.0,-30.6,20.3,-9.3,
Michael Taylor,Nationals,OF,222.4,460,-6.5,-9.6,4.6,-4.1,-6.4,-21.9,11.2,-9.7,
Dansby Swanson,Braves,SS,381.7,501,-8.4,-10.4,-2.2,-8.1,-1.9,-31.0,19.9,-10.1,
Martin Maldonado,Angels,C,402.3,332,-12.8,-15.1,-3.7,-7.6,-6.2,-45.4,33.9,-10.4,
Nick Delmonico,White Sox,OF,462.4,487,-5.7,-7.6,-3.1,-3.0,-3.4,-22.8,11.2,-10.6,
Jordy Mercer,Pirates,SS,504.5,493,-7.4,-10.7,-3.8,-7.0,-2.7,-31.5,19.9,-10.6,
Chris Iannetta,Rockies,C,282.3,233,-15.0,-17.9,-4.8,-8.2,0.3,-45.6,33.9,-10.7,
Matt Wieters,Nationals,C,328.6,315,-12.6,-16.5,-4.7,-8.0,-4.0,-45.7,33.9,-10.8,
Jason Heyward,Cubs,OF,408,475,-6.8,-8.6,-1.0,-6.4,-0.3,-23.1,11.2,-10.8,
Amed Rosario,Mets,SS,233.2,537,-8.1,-10.3,3.7,-8.5,-8.8,-32.0,19.9,-11.1,
Hunter Pence,Giants,OF,446.3,491,-4.6,-8.4,-3.5,-4.0,-3.1,-23.6,11.2,-11.4,
Mark Trumbo,Orioles,OF/DH,251.7,412,-4.7,-8.9,-4.7,-0.4,-5.0,-23.8,11.2,-11.5,
Matt Joyce,Athletics,OF,499.1,430,-8.5,-7.5,-3.5,-4.1,-0.4,-24.0,11.2,-11.7,
Eduardo Nunez,Red Sox,2B/3B/OF,130.3,313,-12.0,-13.4,2.4,-8.9,-1.5,-33.4,20.3,-12.0,
Nick Markakis,Braves,OF,436.3,565,-5.6,-6.9,-4.3,-7.6,0.1,-24.3,11.2,-12.1,
Kevin Pillar,Blue Jays,OF,327.2,504,-6.6,-6.8,1.6,-6.9,-5.7,-24.3,11.2,-12.1,
Alex Gordon,Royals,OF,527.3,518,-7.2,-8.1,-1.5,-4.8,-3.4,-24.9,11.2,-12.6,
Brad Miller,Rays,2B,457.1,365,-10.9,-12.6,-2.6,-6.0,-2.3,-34.3,20.3,-13.0,
Jorge Bonifacio,Royals,OF,402.4,524,-5.5,-7.2,-3.6,-3.4,-5.7,-25.3,11.2,-13.0,
Lucas Duda,,1B/DH,446.4,376,-6.8,-9.6,-4.7,-1.4,-0.4,-23.0,8.5,-13.5,
Jeimer Candelario,Tigers,3B,335.8,534,-4.8,-6.3,-4.4,-4.6,-4.4,-24.5,9.2,-14.3,
Yan Gomes,Indians,C,389.8,252,-14.3,-17.8,-4.7,-8.0,-4.9,-49.7,33.9,-14.7,
Chris Owings,Diamondbacks,2B/SS/OF,229.2,399,-10.1,-12.7,1.0,-8.4,-5.6,-35.8,19.9,-14.8,
Stephen Vogt,Brewers,C,339.6,220,-15.3,-19.1,-4.8,-8.6,-2.0,-49.9,33.9,-14.9,
Logan Morrison,,1B,292.8,396,-6.7,-10.1,-4.0,-2.4,-1.2,-24.4,8.5,-14.9,
Curtis Granderson,Blue Jays,OF,501.3,377,-9.0,-10.1,-3.1,-4.2,-0.7,-27.2,11.2,-15.0,
Denard Span,Rays,OF,454.4,467,-10.9,-7.4,1.1,-7.6,-2.7,-27.5,11.2,-15.2,
Mitch Moreland,Red Sox,1B,397.8,424,-5.7,-8.4,-4.7,-3.6,-2.5,-24.8,8.5,-15.4,
Bruce Maxwell,Athletics,C,453.1,287,-15.5,-17.5,-4.5,-10.4,-2.5,-50.4,33.9,-15.5,
Devin Mesoraco,Reds,C,495,220,-15.8,-19.8,-4.3,-8.5,-2.3,-50.7,33.9,-15.7,
Jesse Winker,Reds,OF,321.5,416,-10.8,-9.3,-3.0,-7.0,1.7,-28.4,11.2,-16.1,
Yolmer Sanchez,White Sox,2B/3B,428.8,437,-10.2,-12.1,-0.5,-8.0,-6.8,-37.5,20.3,-16.2,
Roberto Perez,Indians,C,577.4,223,-16.6,-18.9,-4.1,-9.8,-2.1,-51.6,33.9,-16.6,
Logan Forsythe,Dodgers,2B/3B,432.2,372,-11.6,-13.7,-3.3,-7.8,-1.8,-38.3,20.3,-16.9,
Melky Cabrera,,OF,320.8,443,-7.2,-9.2,-4.4,-6.9,-1.6,-29.2,11.2,-17.0,
Chad Pinder,Athletics,SS/OF,448.4,403,-9.6,-12.2,-3.0,-6.2,-7.1,-38.0,19.9,-17.1,
Colin Moran,Pirates,1B/3B/SS,453.3,403,-9.8,-13.5,-3.8,-7.3,-3.8,-38.3,19.9,-17.3,
Kurt Suzuki,Braves,C,357.5,227,-15.7,-19.9,-5.0,-9.6,-2.4,-52.6,33.9,-17.6,
Cameron Rupp,Phillies,C,495.4,231,-15.8,-19.8,-4.8,-8.5,-4.1,-52.9,33.9,-18.0,
Cheslor Cuthbert,Royals,3B,576.8,497,-6.7,-8.2,-3.8,-5.1,-4.6,-28.4,9.2,-18.1,
Brandon Drury,Yankees,2B,420.1,333,-11.2,-14.0,-4.2,-7.4,-3.5,-40.4,20.3,-19.0,
C.J. Cron,Rays,1B,405.4,430,-6.5,-10.4,-3.3,-2.9,-5.4,-28.5,8.5,-19.0,
Matt Davidson,White Sox,3B/DH,457.2,508,-4.8,-8.3,-4.3,-0.5,-11.9,-29.8,9.2,-19.6,
Caleb Joseph,Orioles,C,486,225,-16.5,-19.5,-4.4,-9.6,-4.5,-54.6,33.9,-19.6,
Jorge Alfaro,Phillies,C,247.9,250,-15.5,-19.9,-4.6,-8.9,-5.7,-54.6,33.9,-19.7,
Jose Iglesias,Tigers,SS,526.4,383,-12.5,-13.4,-0.7,-10.6,-3.6,-40.8,19.9,-19.9,
Nick Williams,Phillies,OF,278.9,413,-7.3,-11.3,-2.7,-4.3,-6.6,-32.2,11.2,-19.9,
Chance Sisco,Orioles,C,343.3,199,-17.9,-20.3,-4.4,-10.9,-1.4,-54.9,33.9,-19.9,
Yangervis Solarte,Blue Jays,2B/3B/SS,271.9,298,-12.5,-14.9,-4.5,-8.0,-1.1,-41.0,19.9,-20.1,
Luis Valbuena,Angels,1B/3B,541.2,385,-8.5,-11.1,-4.3,-3.8,-3.2,-30.9,9.2,-20.6,
Manny Pina,Brewers,C,360.2,214,-17.0,-20.7,-4.5,-10.6,-2.8,-55.7,33.9,-20.7,
Lonnie Chisenhall,Indians,OF,393.3,376,-9.3,-11.9,-2.8,-6.4,-2.6,-33.0,11.2,-20.8,
Mallex Smith,Rays,OF,356.9,385,-14.0,-13.3,9.2,-10.8,-4.0,-33.0,11.2,-20.8,
Mikie Mahtook,Tigers,OF,332.4,434,-8.7,-10.6,-2.1,-6.7,-5.2,-33.4,11.2,-21.2,
Jose Martinez,Cardinals,1B/OF,268.4,358,-10.1,-13.4,-3.0,-7.6,0.2,-33.9,11.2,-21.6,
Wilmer Flores,Mets,1B/3B,334.3,367,-7.8,-12.4,-4.3,-3.7,-3.7,-31.9,9.2,-21.6,
Austin Hays,Orioles,OF,345.1,362,-9.7,-12.0,-2.6,-5.7,-4.3,-34.3,11.2,-22.1,
Seth Smith,,OF,682.2,358,-11.7,-11.6,-4.1,-6.5,-0.5,-34.3,11.2,-22.1,
Albert Almora Jr.,Cubs,OF,375.9,411,-8.5,-11.9,-3.1,-7.2,-3.8,-34.4,11.2,-22.2,
Ryon Healy,Mariners,1B/3B/DH,196.2,441,-6.4,-10.4,-4.6,-4.0,-7.2,-32.6,9.2,-22.4,
Steve Pearce,Blue Jays,OF,570.3,332,-10.0,-12.9,-4.6,-5.1,-2.1,-34.6,11.2,-22.4,
Johan Camargo,Braves,3B/SS,447.5,403,-10.6,-14.7,-4.1,-9.4,-4.7,-43.4,19.9,-22.5,
Dioner Navarro,,C,999,191,-17.9,-21.6,-4.2,-10.6,-3.2,-57.5,33.9,-22.6,
Dixon Machado,Tigers,2B/SS,573.1,371,-13.9,-14.2,-1.3,-11.3,-2.9,-43.6,19.9,-22.6,
Steve Clevenger,,C,999,193,-18.4,-21.7,-4.3,-11.7,-1.8,-57.9,33.9,-22.9,
Carlos Gonzalez,,OF,295,331,-9.6,-13.5,-4.4,-5.2,-2.5,-35.3,11.2,-23.1,
Freddy Galvis,Padres,SS,367,373,-13.1,-14.7,-1.3,-8.8,-6.3,-44.0,19.9,-23.1,
Jose Pirela,Padres,OF,386.6,408,-9.5,-13.0,-1.4,-7.4,-4.0,-35.4,11.2,-23.1,
Adam Engel,White Sox,OF,670.7,466,-11.1,-11.2,5.6,-8.0,-10.8,-35.5,11.2,-23.3,
Alcides Escobar,Royals,SS,532.9,448,-11.9,-13.0,-0.3,-10.9,-8.4,-44.5,19.9,-23.6,
Josh Phegley,Athletics,C,615.3,150,-18.8,-22.3,-4.6,-10.7,-2.3,-58.7,33.9,-23.8,
Lewis Brinson,Marlins,OF,310.9,357,-11.3,-14.4,0.0,-7.0,-3.5,-36.2,11.2,-24.0,
Kevin Plawecki,Mets,C,557,171,-18.8,-22.4,-4.9,-11.1,-2.0,-59.3,33.9,-24.3,
Ben Gamel,Mariners,OF,431.5,431,-10.4,-11.3,-1.7,-8.7,-4.6,-36.7,11.2,-24.5,
Miguel Montero,Nationals,C,675.4,141,-19.5,-23.0,-4.8,-11.1,-1.2,-59.6,33.9,-24.7,
Sandy Leon,Red Sox,C,544.3,165,-19.1,-21.8,-4.6,-11.6,-2.5,-59.7,33.9,-24.7,
Tom Murphy,Rockies,C,444,131,-19.2,-23.2,-4.7,-10.6,-2.4,-60.0,33.9,-25.1,
Raul Mondesi,Royals,2B/SS,348,281,-15.3,-17.7,2.8,-9.6,-6.2,-46.1,19.9,-25.1,
Jeff Mathis,Diamondbacks,C,719.6,207,-18.0,-21.7,-4.5,-11.0,-4.8,-60.1,33.9,-25.1,
Dustin Fowler,Athletics,OF,381.6,374,-10.9,-13.3,1.8,-7.9,-7.2,-37.6,11.2,-25.3,
Gleyber Torres,Yankees,SS,278,265,-15.4,-17.5,-0.7,-10.0,-2.8,-46.5,19.9,-25.5,
Carson Kelly,Cardinals,C,534.7,153,-19.2,-23.0,-4.8,-11.5,-1.9,-60.5,33.9,-25.6,
Rene Rivera,Angels,C,634,147,-19.2,-22.7,-4.8,-10.9,-2.9,-60.6,33.9,-25.6,
Danny Jansen,Blue Jays,C,634,133,-20.0,-22.9,-4.6,-11.9,-1.3,-60.7,33.9,-25.8,
Enrique Hernandez,Dodgers,SS/OF,528.4,275,-14.5,-17.0,-3.7,-8.5,-3.2,-46.8,19.9,-25.8,
Jose Reyes,Mets,2B/3B/SS,321.9,271,-16.4,-17.3,0.0,-9.9,-3.3,-46.9,19.9,-25.9,
A.J. Ellis,Padres,C,999,131,-20.2,-23.7,-4.7,-11.5,-1.0,-61.1,33.9,-26.1,
Derek Fisher,Astros,OF,425.8,283,-13.4,-15.3,0.1,-7.6,-2.6,-38.8,11.2,-26.6,
Elias Diaz,Pirates,C,681,150,-19.8,-23.6,-4.5,-12.4,-1.9,-62.2,33.9,-27.2,
Chase Headley,Padres,1B/3B,409.7,427,-10.6,-13.2,-2.8,-8.0,-2.8,-37.5,9.2,-27.2,
Carlos Gomez,,OF,351.9,305,-13.1,-15.5,-0.5,-7.5,-3.3,-39.9,11.2,-27.7,
Carlos Asuaje,Padres,2B,601.6,338,-15.6,-15.6,-3.9,-10.9,-3.0,-49.1,20.3,-27.7,
Jesus Sucre,Rays,C,657.9,126,-20.4,-23.9,-4.3,-11.9,-2.4,-62.8,33.9,-27.9,
Matt Duffy,Rays,3B,477.5,400,-11.1,-13.2,-1.2,-9.1,-3.5,-38.1,9.2,-27.9,
Adeiny Hechavarria,Rays,SS,540.2,369,-13.4,-15.8,-3.2,-10.5,-5.9,-48.8,19.9,-27.9,
Austin Romine,Yankees,C,646.5,119,-20.5,-23.7,-4.5,-12.0,-2.2,-62.9,33.9,-27.9,
Omar Narvaez,White Sox,C,652.5,129,-20.9,-23.8,-5.0,-12.6,-0.5,-62.9,33.9,-27.9,
Mitch Garver,Twins,C/1B/OF/DH,568.4,100,-20.9,-24.3,-4.9,-12.0,-0.9,-63.0,33.9,-28.1,
Tony Wolters,Rockies,C,597.1,128,-20.8,-24.1,-4.7,-12.7,-0.9,-63.2,33.9,-28.2,
Chris Gimenez,Cubs,C,999,117,-20.7,-24.2,-4.7,-11.8,-1.8,-63.2,33.9,-28.3,
Derek Dietrich,Marlins,3B,502.9,357,-11.6,-14.3,-4.4,-7.3,-1.1,-38.7,9.2,-28.5,
Austin Jackson,Giants,OF,566.8,388,-12.2,-14.0,-2.3,-9.9,-2.5,-40.8,11.2,-28.5,
Andrew Knapp,Phillies,C,646.4,110,-21.0,-24.6,-4.9,-12.2,-1.1,-63.8,33.9,-28.9,
Martin Prado,Marlins,3B,551.8,413,-11.6,-11.8,-4.3,-8.8,-2.6,-39.1,9.2,-28.9,
Mike Marjama,Mariners,C,732.1,117,-20.7,-24.2,-4.5,-12.1,-2.7,-64.1,33.9,-29.2,
Nick Hundley,Giants,C,511.9,103,-20.6,-24.7,-5.0,-11.8,-1.9,-64.1,33.9,-29.2,
Jon Jay,,OF,629.2,414,-13.2,-12.9,-2.5,-11.2,-1.8,-41.5,11.2,-29.3,
Hunter Renfroe,Padres,OF,297.3,309,-10.9,-15.8,-4.2,-5.3,-5.3,-41.6,11.2,-29.3,
Francisco Mejia,Indians,C/DH,343.7,81,-21.4,-25.0,-4.7,-12.3,-0.9,-64.3,33.9,-29.4,
Mike Napoli,,1B/DH,552,301,-11.4,-15.3,-4.3,-4.9,-3.2,-39.1,8.5,-29.7,
Hunter Dozier,Royals,OF,574.9,400,-11.5,-13.5,-3.0,-7.4,-6.9,-42.3,11.2,-30.1,
Kendrys Morales,Blue Jays,DH,303.2,481,-1.5,-5.5,-5.0,0.0,-4.0,-16.0,-15.1,-30.1,
Gerardo Parra,Rockies,OF,339.1,312,-12.4,-15.3,-2.9,-9.1,-2.8,-42.5,11.2,-30.3,
Tyler Wade,Yankees,2B/SS/OF/DH,655.1,216,-18.0,-19.5,0.4,-11.7,-2.6,-51.4,19.9,-30.4,
Jose Lobaton,,C,690,87,-21.6,-25.4,-5.0,-12.3,-1.2,-65.4,33.9,-30.5,
Robbie Grossman,Twins,OF/DH,640.8,283,-14.8,-15.9,-3.6,-9.7,1.2,-42.8,11.2,-30.5,
Juan Centeno,Rangers,C,999,102,-21.5,-24.8,-5.0,-12.9,-1.4,-65.5,33.9,-30.6,
Tyler Ladendorf,,2B,999,383,-14.3,-16.0,-2.0,-11.4,-8.3,-52.1,20.3,-30.7,
Jacoby Ellsbury,Yankees,OF,438.4,270,-15.6,-15.9,0.3,-10.2,-1.7,-43.1,11.2,-30.8,
Jake Bauers,Rays,1B,505.3,336,-13.6,-15.0,-0.8,-8.7,-2.3,-40.5,8.5,-31.0,
Kevan Smith,White Sox,C,597.8,84,-21.8,-25.4,-5.1,-12.6,-1.1,-66.1,33.9,-31.2,
Kennys Vargas,Twins,1B/DH,614.9,288,-12.4,-15.3,-4.9,-6.3,-2.0,-40.8,8.5,-31.4,
Daniel Descalso,Diamondbacks,2B/OF,644.6,217,-17.1,-19.9,-4.1,-10.7,-1.3,-53.0,20.3,-31.7,
Pat Valaika,Rockies,SS,564.3,204,-16.3,-20.0,-3.3,-9.7,-3.3,-52.7,19.9,-31.7,
J.T. Riddle,Marlins,SS,664.1,327,-14.8,-18.4,-3.6,-10.8,-5.3,-52.8,19.9,-31.8,
Aledmys Diaz,Blue Jays,SS,475.2,190,-17.1,-20.0,-3.8,-10.2,-1.8,-52.8,19.9,-31.9,
Max Stassi,Astros,C/1B/DH,683.4,64,-22.3,-25.9,-5.0,-12.5,-1.3,-67.0,33.9,-32.1,
Leonys Martin,Tigers,OF,485.4,293,-15.0,-16.9,1.8,-9.5,-4.8,-44.4,11.2,-32.2,
Wilmer Difo,Nationals,2B/SS,443,237,-17.1,-20.2,-1.7,-11.6,-2.8,-53.3,19.9,-32.3,
Ramon Cabrera,,C,999,87,-22.0,-25.7,-4.8,-12.9,-1.8,-67.3,33.9,-32.4,
Drew Butera,Royals,C,687.7,71,-22.4,-26.0,-4.9,-12.7,-1.3,-67.4,33.9,-32.4,
Hanley Ramirez,Red Sox,DH,336.2,415,-4.2,-7.8,-3.5,-2.3,-0.6,-18.4,-15.1,-32.4,
Cameron Maybin,,OF,388.4,255,-17.1,-17.4,1.7,-10.7,-1.3,-44.7,11.2,-32.5,
Chris Herrmann,Diamondbacks,C/OF,510.1,47,-22.9,-26.7,-4.9,-12.8,-0.7,-68.0,33.9,-33.0,
Andrew Susac,Orioles,C,659.8,47,-23.0,-26.6,-5.1,-12.8,-0.9,-68.4,33.9,-33.4,
Jett Bandy,Brewers,C,679.2,48,-22.8,-26.8,-5.1,-12.8,-0.9,-68.4,33.9,-33.4,
Greg Garcia,Cardinals,2B/3B,711.5,222,-18.1,-20.5,-3.8,-12.2,-0.2,-54.8,20.3,-33.5,
Chad Wallach,Marlins,C/1B,748,61,-22.7,-26.5,-5.1,-12.8,-1.3,-68.5,33.9,-33.6,
Jacob Stallings,Pirates,C,999,60,-22.8,-26.5,-5.0,-13.1,-1.2,-68.6,33.9,-33.6,
Chase Utley,Dodgers,2B,999,218,-17.2,-20.4,-4.1,-10.8,-2.5,-55.0,20.3,-33.6,
Blake Swihart,Red Sox,C/DH,534,44,-23.1,-26.7,-4.9,-13.2,-0.6,-68.6,33.9,-33.6,
Paulo Orlando,Royals,OF,683,364,-13.4,-15.5,-1.5,-10.2,-5.6,-46.1,11.2,-33.8,
Tyler Saladino,White Sox,2B/3B,698.2,213,-18.4,-20.4,-1.8,-11.4,-3.4,-55.5,20.3,-34.1,
Joey Wendle,Rays,2B,692.8,259,-17.0,-19.1,-2.7,-11.0,-5.8,-55.7,20.3,-34.3,
Tyler White,Astros,P/1B/2B/OF,676.9,162,-18.1,-21.4,-4.5,-10.1,-1.9,-55.9,20.3,-34.6,
Jurickson Profar,Rangers,1B/2B/3B/SS/OF,549.4,175,-18.7,-21.0,-4.0,-11.6,-0.3,-55.6,19.9,-34.6,
Miguel Andujar,Yankees,3B/DH,441.6,272,-13.5,-16.4,-3.4,-8.3,-3.2,-44.9,9.2,-34.6,
Brandon Nimmo,Mets,OF,524.6,307,-15.8,-16.4,-3.6,-9.9,-1.3,-47.0,11.2,-34.7,
Andrew Toles,Dodgers,OF,504.2,233,-16.0,-18.1,-1.9,-9.5,-1.9,-47.5,11.2,-35.3,
Ronald Torreyes,Yankees,2B/3B/SS,494.3,214,-17.8,-20.1,-3.7,-12.1,-2.9,-56.6,19.9,-35.6,
Albert Pujols,Angels,DH,319.9,465,-3.1,-7.5,-4.2,-1.2,-5.9,-21.9,-15.1,-35.9,
Miguel Rojas,Marlins,SS,697.9,237,-17.9,-20.9,-4.1,-12.3,-1.8,-57.0,19.9,-36.0,
Joey Rickard,Orioles,OF,708.9,290,-16.0,-16.7,-1.7,-10.8,-3.2,-48.4,11.2,-36.1,
Yunel Escobar,,3B,658.1,278,-16.0,-16.0,-4.0,-10.4,-0.5,-46.9,9.2,-36.6,
Eduardo Escobar,Twins,3B/DH,435.1,267,-13.9,-17.0,-4.1,-8.9,-2.9,-46.9,9.2,-36.6,
Adrian Gonzalez,Mets,1B,519.6,275,-14.0,-17.6,-4.7,-8.2,-1.8,-46.2,8.5,-36.8,
Jake Marisnick,Astros,OF,524.4,217,-16.3,-19.1,-0.6,-9.2,-4.6,-49.8,11.2,-37.6,
Daniel Robertson,Rays,2B/SS,691.3,180,-19.1,-21.9,-4.4,-11.7,-1.5,-58.6,19.9,-37.6,
Eric Sogard,Brewers,2B/SS,616.4,156,-20.3,-22.1,-3.8,-12.5,0.0,-58.6,19.9,-37.7,
Taylor Motter,Mariners,SS/OF,612.2,133,-19.9,-22.9,-2.5,-11.4,-2.1,-58.7,19.9,-37.8,
Dawel Lugo,Tigers,3B/SS,999,183,-18.3,-21.6,-4.6,-11.4,-3.0,-58.9,19.9,-37.9,
Raimel Tapia,Rockies,OF,394.8,217,-16.8,-19.5,-1.2,-11.7,-1.1,-50.3,11.2,-38.0,
Sean Rodriguez,Pirates,OF,616.1,255,-15.2,-18.7,-4.0,-8.5,-4.4,-50.8,11.2,-38.5,
Charlie Culberson,Braves,2B/3B/SS,696.8,225,-18.1,-21.4,-3.5,-11.8,-5.3,-60.1,19.9,-39.1,
Jarrod Dyson,Diamondbacks,OF,421.1,182,-18.8,-21.1,1.5,-12.3,-0.8,-51.5,11.2,-39.3,
Willy Garcia,White Sox,OF,999,247,-16.1,-18.8,-3.7,-9.4,-4.0,-52.0,11.2,-39.7,
Magneuris Sierra,Marlins,OF,541.9,307,-16.3,-19.3,0.9,-12.1,-5.3,-52.1,11.2,-39.9,
Lane Adams,Braves,OF,593,202,-17.7,-20.9,0.8,-10.7,-3.6,-52.1,11.2,-39.9,
Leury Garcia,White Sox,OF,511.1,224,-17.5,-19.7,-1.0,-10.7,-3.2,-52.2,11.2,-40.0,
Jayson Werth,,OF,693.6,197,-17.6,-19.7,-4.1,-9.8,-1.1,-52.3,11.2,-40.1,
Guillermo Heredia,Mariners,OF,669.7,225,-17.5,-19.3,-3.3,-11.4,-1.1,-52.6,11.2,-40.4,
Kelby Tomlinson,Giants,2B/3B,687.8,131,-21.1,-23.9,-2.8,-13.2,-0.8,-61.7,20.3,-40.4,
Phillip Ervin,Reds,OF,643.3,190,-18.3,-20.9,-0.3,-10.7,-2.5,-52.8,11.2,-40.6,
Howie Kendrick,Nationals,OF,509.9,191,-17.6,-20.9,-3.0,-11.3,-0.1,-52.9,11.2,-40.7,
Jordan Luplow,Pirates,OF,665.6,194,-17.2,-20.4,-4.0,-9.8,-1.5,-52.9,11.2,-40.7,
Mike Tauchman,Rockies,OF,999,196,-17.9,-20.6,-1.7,-11.8,-0.9,-52.9,11.2,-40.7,
Tommy La Stella,Cubs,2B,674.7,117,-20.9,-23.8,-4.7,-12.6,-0.1,-62.1,20.3,-40.8,
Dominic Smith,Mets,1B,416.2,255,-14.8,-18.8,-4.8,-8.6,-3.3,-50.4,8.5,-40.9,
Braxton Lee,Marlins,OF,648.9,293,-17.2,-19.5,-0.5,-12.4,-3.8,-53.5,11.2,-41.2,
Scott Kingery,Phillies,2B,333.4,99,-21.0,-24.7,-3.5,-12.0,-1.4,-62.6,20.3,-41.3,
Matt Adams,Nationals,1B,474.9,184,-15.8,-20.0,-4.8,-8.7,-1.6,-50.9,8.5,-41.4,
Brian Anderson,Marlins,3B,545.4,250,-15.4,-19.4,-4.7,-9.3,-2.9,-51.8,9.2,-41.5,
Ehire Adrianza,Twins,SS,670.9,98,-21.4,-24.3,-3.5,-12.7,-0.7,-62.6,19.9,-41.7,
Max Moroff,Pirates,2B,693.9,107,-21.3,-24.5,-4.3,-12.3,-0.8,-63.1,20.3,-41.8,
Dilson Herrera,Reds,2B,703.9,101,-21.0,-24.7,-4.3,-12.0,-1.4,-63.4,20.3,-42.0,
Zack Granite,Twins,OF,630.4,166,-19.3,-21.4,-0.9,-12.4,-0.6,-54.5,11.2,-42.2,
Jonathan Herrera,,2B/SS,999,166,-20.0,-23.2,-4.1,-12.6,-3.5,-63.4,19.9,-42.5,
Cliff Pennington,Reds,2B,999,133,-20.8,-24.1,-4.3,-12.4,-2.3,-63.8,20.3,-42.5,
Ramon Torres,Royals,2B,669,118,-21.3,-24.4,-3.4,-12.9,-1.9,-63.9,20.3,-42.6,
David Freese,Pirates,3B,629,214,-16.9,-20.0,-5.0,-10.5,-0.4,-52.8,9.2,-42.6,
Cory Spangenberg,Padres,3B/OF,387.6,231,-17.1,-20.0,-2.7,-10.8,-2.3,-52.8,9.2,-42.6,
Alejandro De Aza,,OF,999,206,-17.8,-20.4,-3.6,-10.9,-2.3,-54.9,11.2,-42.6,
Ben Revere,,OF,522.3,197,-18.8,-21.6,0.3,-12.8,-2.0,-54.9,11.2,-42.6,
Franklin Barreto,Athletics,2B/SS/DH,457.4,103,-21.2,-24.6,-3.7,-12.3,-1.9,-63.7,19.9,-42.7,
Steven Duggar,Giants,OF,619.6,210,-18.2,-20.9,-2.4,-11.7,-1.8,-55.0,11.2,-42.8,
Allen Cordoba,Padres,SS/OF,691.5,106,-21.4,-24.7,-4.0,-12.4,-1.4,-63.9,19.9,-43.0,
Ezequiel Carrera,Blue Jays,OF,648.8,186,-18.7,-20.8,-2.7,-11.6,-1.6,-55.3,11.2,-43.1,
Nick Ahmed,Diamondbacks,SS,684.1,108,-21.1,-24.7,-4.1,-12.3,-1.9,-64.1,19.9,-43.2,
Preston Tucker,Braves,OF,662.5,184,-17.4,-21.1,-4.7,-9.6,-2.8,-55.5,11.2,-43.2,
Kaleb Cowart,Angels,2B/3B,645.8,89,-21.7,-25.0,-3.9,-12.6,-1.4,-64.7,20.3,-43.3,
Brandon Guyer,Indians,OF,717,169,-18.7,-21.0,-4.2,-11.3,-0.4,-55.6,11.2,-43.4,
Brian Goodwin,Nationals,OF,567.5,170,-18.9,-20.9,-3.2,-10.9,-1.9,-55.8,11.2,-43.6,
Andrew Romine,Mariners,1B/2B/3B/OF,668.1,102,-21.7,-24.9,-4.0,-12.9,-1.7,-65.1,20.3,-43.8,
Victor Martinez,Tigers,DH,547.1,421,-7.3,-10.5,-5.0,-5.3,-1.7,-29.8,-15.1,-43.9,
Garrett Cooper,Marlins,1B,648.3,226,-16.6,-20.2,-4.7,-10.2,-1.6,-53.3,8.5,-43.9,
Billy Burns,Royals,OF,699.7,211,-19.8,-20.6,0.0,-13.0,-2.7,-56.1,11.2,-43.9,
David Dahl,Rockies,OF,238,133,-18.8,-22.4,-3.4,-10.9,-0.7,-56.2,11.2,-44.0,
Keon Broxton,Brewers,OF,314.4,153,-19.4,-22.5,-1.3,-10.9,-2.4,-56.4,11.2,-44.2,
Rio Ruiz,Braves,3B,658.8,204,-17.2,-20.9,-4.4,-10.0,-2.3,-54.9,9.2,-44.7,
Alen Hanson,White Sox,2B/OF,639.4,65,-22.5,-26.0,-3.4,-12.9,-1.2,-66.0,20.3,-44.7,
Brandon Dixon,Reds,2B,999,75,-22.0,-25.8,-4.2,-12.3,-1.8,-66.1,20.3,-44.8,
Chris Young,Angels,OF/DH,672.3,152,-18.7,-21.9,-4.2,-10.6,-1.6,-57.0,11.2,-44.8,
Engelb Vielma,Orioles,SS,999,136,-21.3,-24.2,-3.6,-13.3,-3.3,-65.7,19.9,-44.8,
Alberto Callaspo,,2B/3B,999,99,-21.8,-25.2,-4.8,-12.8,-1.5,-66.2,20.3,-44.8,
Alex Verdugo,Dodgers,OF,542.1,190,-18.4,-21.3,-3.9,-11.6,-1.9,-57.1,11.2,-44.8,
Juan Lagares,Mets,OF,620.1,210,-18.1,-21.3,-2.9,-11.5,-3.3,-57.1,11.2,-44.8,
Ryan Goins,Royals,2B/SS,666.9,98,-21.7,-25.1,-4.8,-12.8,-1.6,-66.0,19.9,-45.1,
Yasmany Tomas,Diamondbacks,OF,315.5,129,-18.4,-22.7,-4.8,-10.1,-1.5,-57.4,11.2,-45.2,
Stephen Drew,,2B/3B/SS,747,63,-22.2,-26.0,-5.0,-12.4,-0.9,-66.4,19.9,-45.5,
Hernan Perez,Brewers,3B/OF,371.5,176,-18.1,-21.6,-1.9,-11.0,-3.1,-55.8,9.2,-45.5,
Erik Gonzalez,Indians,2B,665.3,66,-22.3,-25.9,-4.4,-12.8,-1.5,-66.9,20.3,-45.6,
Adam Rosales,Phillies,SS,999,76,-22.0,-25.8,-4.8,-12.3,-1.9,-66.8,19.9,-45.8,
Luke Voit,Cardinals,1B,659.7,171,-17.8,-21.4,-4.8,-10.4,-0.9,-55.4,8.5,-45.9,
Luis Urias,Padres,2B,621,66,-22.8,-26.3,-4.7,-13.3,-0.3,-67.6,20.3,-46.2,
Melvin Upton Jr.,Indians,OF,999,143,-19.3,-22.6,-3.0,-11.1,-2.6,-58.5,11.2,-46.3,
Darwin Barney,Rangers,2B/3B,999,59,-22.7,-26.3,-4.7,-13.1,-1.0,-67.8,20.3,-46.4,
Ryan Schimpf,Rays,3B,655.8,167,-18.0,-21.6,-5.0,-9.0,-3.2,-56.8,9.2,-46.6,
Jesus Aguilar,Brewers,1B,511.6,162,-17.8,-21.6,-4.9,-9.6,-2.3,-56.2,8.5,-46.7,
Brock Holt,Red Sox,2B,685.3,49,-23.1,-26.5,-4.9,-13.3,-0.3,-68.1,20.3,-46.8,
Clint Frazier,Yankees,OF,479.1,118,-19.7,-23.1,-4.0,-10.9,-1.3,-59.0,11.2,-46.8,
Nolan Fontana,Angels,2B/DH,999,59,-23.0,-26.4,-4.7,-13.2,-0.9,-68.3,20.3,-47.0,
Hanser Alberto,,2B,999,65,-22.6,-26.4,-4.7,-13.1,-1.6,-68.4,20.3,-47.0,
Teoscar Hernandez,Blue Jays,OF,330.1,119,-20.0,-23.3,-3.2,-11.3,-1.7,-59.4,11.2,-47.2,
Tommy Joseph,Phillies,1B,546.1,141,-17.8,-22.3,-5.0,-9.4,-2.1,-56.7,8.5,-47.2,
Andres Blanco,Giants,P/1B/2B/3B/SS/DH,999,45,-23.1,-26.9,-4.9,-13.2,-0.5,-68.6,19.9,-47.7,
Marco Hernandez,Red Sox,2B/3B/SS,669.1,40,-23.2,-26.9,-4.9,-13.3,-0.5,-68.7,19.9,-47.8,
Jesmuel Valentin,Phillies,2B,999,46,-23.2,-26.9,-5.1,-13.2,-0.8,-69.2,20.3,-47.8,
Mike Ford,Mariners,1B,682.7,153,-18.9,-22.1,-5.0,-10.7,-0.6,-57.4,8.5,-47.9,
Boog Powell,Athletics,OF,580.6,128,-20.6,-23.3,-3.5,-12.5,-0.5,-60.3,11.2,-48.0,
John Hicks,Tigers,1B,635,180,-18.2,-21.7,-3.8,-10.9,-3.2,-57.8,8.5,-48.4,
Cole Gillespie,,OF,999,159,-19.7,-22.9,-3.6,-12.2,-2.4,-60.8,11.2,-48.5,
Mike Gerber,Tigers,OF,707.3,119,-20.2,-23.6,-4.1,-11.6,-1.5,-61.0,11.2,-48.8,
Angel Pagan,,OF,999,128,-20.6,-23.2,-3.8,-12.1,-1.4,-61.1,11.2,-48.8,
Pedro Alvarez,,1B/DH,706,119,-18.9,-23.1,-5.0,-9.8,-1.4,-58.3,8.5,-48.8,
Mac Williamson,Giants,OF,999,142,-19.5,-23.4,-4.5,-11.1,-2.8,-61.3,11.2,-49.0,
Austin Meadows,Pirates,OF,501.4,121,-20.5,-24.0,-3.3,-12.1,-1.5,-61.3,11.2,-49.0,
JaCoby Jones,Tigers,OF,658,139,-20.1,-23.4,-3.3,-11.8,-2.8,-61.3,11.2,-49.1,
Abraham Almonte,Indians,OF,999,108,-20.7,-23.9,-4.0,-12.3,-0.7,-61.6,11.2,-49.4,
Victor Reyes,Tigers,OF,681.8,143,-20.3,-23.4,-3.2,-12.7,-2.1,-61.7,11.2,-49.4,
Tyler Austin,Yankees,1B/OF/DH,664.6,106,-20.4,-23.9,-4.7,-11.3,-1.5,-61.8,11.2,-49.5,
Rafael Ortega,Marlins,OF,999,134,-20.8,-24.1,-2.8,-12.7,-1.5,-61.9,11.2,-49.7,
Daniel Nava,Pirates,OF,675,116,-20.9,-23.9,-4.8,-12.4,-0.2,-62.1,11.2,-49.9,
Yandy Diaz,Indians,3B,502.9,119,-20.5,-23.5,-4.7,-12.5,1.0,-60.2,9.2,-50.0,
Victor Robles,Nationals,OF,305.9,95,-21.3,-24.8,-3.1,-12.6,-0.7,-62.4,11.2,-50.1,
Jarrett Parker,Giants,OF,680.7,114,-20.6,-24.2,-4.5,-11.7,-1.4,-62.4,11.2,-50.2,
Danny Valencia,,1B,608.5,124,-19.5,-23.2,-4.9,-11.0,-1.0,-59.6,8.5,-50.2,
Ryan Howard,,1B,999,146,-18.5,-22.7,-4.9,-10.0,-3.5,-59.6,8.5,-50.2,
Eloy Jimenez,White Sox,OF,417.5,91,-20.9,-24.6,-4.7,-11.6,-0.9,-62.6,11.2,-50.4,
Harrison Bader,Cardinals,OF,555.6,101,-20.7,-24.7,-3.9,-11.8,-1.6,-62.6,11.2,-50.4,
Franchy Cordero,Padres,OF,543.3,114,-20.8,-24.2,-3.7,-11.9,-2.3,-63.0,11.2,-50.8,
Carlos Tocci,Rangers,OF,999,134,-20.6,-23.6,-4.3,-12.9,-1.8,-63.2,11.2,-50.9,
Jose Osuna,Pirates,1B/OF,650.8,98,-20.7,-24.6,-4.6,-12.0,-1.2,-63.2,11.2,-51.0,
Mark Canha,Athletics,OF,999,93,-21.1,-24.5,-4.8,-11.9,-1.1,-63.4,11.2,-51.1,
Matt Szczur,Padres,OF,999,114,-21.3,-24.6,-4.2,-12.5,-1.3,-63.9,11.2,-51.6,
Samir Duenez,Royals,1B,999,145,-19.8,-23.2,-3.8,-11.5,-2.9,-61.1,8.5,-51.7,
Giovanny Urshela,Indians,3B,999,138,-19.7,-23.0,-4.9,-11.9,-2.3,-62.0,9.2,-51.7,
Drew Robinson,Rangers,3B/OF,671.6,99,-21.0,-24.2,-4.1,-11.9,-1.0,-62.1,9.2,-51.9,
A.J. Reed,Astros,1B/DH,628.7,107,-20.2,-23.8,-5.1,-11.0,-1.5,-61.7,8.5,-52.3,
Gorkys Hernandez,Giants,OF,732,93,-22.0,-25.2,-3.8,-13.1,-0.7,-64.8,11.2,-52.6,
Christian Arroyo,Rays,3B,518.5,123,-20.5,-24.0,-4.6,-12.2,-1.7,-63.1,9.2,-52.8,
Roman Quinn,Phillies,OF,644.2,77,-22.4,-25.6,-3.3,-12.8,-1.2,-65.2,11.2,-53.0,
Anthony Santander,Orioles,OF,696,65,-21.9,-25.6,-4.8,-12.2,-0.7,-65.3,11.2,-53.1,
Alex Dickerson,Padres,OF,618.5,73,-21.8,-25.7,-4.9,-12.4,-0.6,-65.3,11.2,-53.1,
Justin Williams,Rays,OF,688.3,78,-21.8,-25.5,-4.8,-12.4,-1.1,-65.5,11.2,-53.2,
Matt Holliday,,DH,670.6,316,-11.6,-15.3,-4.6,-6.3,-1.5,-39.3,-15.1,-53.4,
Alexi Amarista,Tigers,OF,740,94,-21.8,-25.2,-4.3,-12.8,-1.8,-65.7,11.2,-53.5,
Adonis Garcia,Braves,3B,654.8,96,-20.9,-24.8,-4.7,-12.0,-1.3,-63.7,9.2,-53.5,
Nick Senzel,Reds,3B,369.4,79,-21.7,-25.3,-4.3,-12.4,-0.4,-64.1,9.2,-53.9,
Travis Jankowski,Padres,OF,662.8,75,-22.9,-25.9,-3.4,-13.3,-0.8,-66.2,11.2,-54.0,
Dylan Cozens,Phillies,OF,695.3,65,-22.1,-25.9,-4.7,-12.0,-1.4,-66.2,11.2,-54.0,
Jaycob Brugman,Orioles,OF,677.5,71,-22.4,-25.7,-4.7,-12.8,-0.6,-66.2,11.2,-54.0,
Bubba Starling,Royals,OF,999,97,-21.7,-25.3,-4.3,-12.6,-2.6,-66.4,11.2,-54.2,
Jake Smolinski,Athletics,OF/DH,620.6,65,-22.3,-25.9,-4.8,-12.7,-0.8,-66.5,11.2,-54.2,
James Loney,,1B,999,100,-20.9,-24.8,-5.0,-12.4,-0.7,-63.8,8.5,-54.4,
Jordan Patterson,Rockies,OF,999,53,-22.5,-26.3,-4.9,-12.7,-0.5,-66.9,11.2,-54.7,
Socrates Brito,Diamondbacks,OF,700.7,65,-22.4,-26.2,-4.6,-12.9,-1.3,-67.4,11.2,-55.2,
Ryan Rua,Rangers,1B/OF,703.1,52,-22.7,-26.4,-4.8,-12.7,-0.9,-67.5,11.2,-55.3,
Andrew Stevenson,Nationals,OF,999,59,-22.9,-26.5,-4.3,-13.4,-0.8,-67.8,11.2,-55.6,
Jefry Marte,Angels,1B,999,72,-21.7,-25.5,-4.8,-12.1,-1.1,-65.2,8.5,-55.7,
Anthony Alford,Blue Jays,OF,540.8,42,-23.3,-26.7,-4.5,-13.2,-0.4,-68.1,11.2,-55.8,
Shohei Ohtani,Angels,P,73,249,-13.8,-16.4,-3.7,-7.3,-0.6,-41.8,-15.1,-55.9,
Rajai Davis,Indians,OF,531.7,36,-23.4,-27.0,-4.0,-13.2,-0.6,-68.2,11.2,-55.9,
Jeremy Hazelbaker,Diamondbacks,OF,634.4,40,-23.1,-26.9,-4.7,-13.0,-0.6,-68.3,11.2,-56.0,
Renato Nunez,Athletics,3B/OF/DH,704.5,66,-22.0,-25.8,-5.1,-12.0,-1.5,-66.4,9.2,-56.2,
Ryder Jones,Giants,1B,999,83,-21.7,-25.5,-4.8,-12.4,-1.5,-66.0,8.5,-56.5,
Jose Siri,Reds,OF,999,40,-23.3,-27.1,-4.3,-13.1,-1.0,-68.8,11.2,-56.6,
Matt Kemp,Dodgers,OF,310,29,-23.2,-27.2,-5.2,-12.9,-0.3,-68.8,11.2,-56.6,
Dalton Pompey,Blue Jays,OF,999,33,-23.5,-27.2,-4.7,-13.3,-0.3,-68.9,11.2,-56.6,
T.J. Rivera,Mets,1B/3B,636,73,-22.2,-25.9,-5.0,-12.9,-0.9,-66.9,9.2,-56.7,
Rusney Castillo,Red Sox,OF,627.8,33,-23.3,-27.2,-4.9,-13.2,-0.4,-69.0,11.2,-56.8,
Tim Locastro,Dodgers,OF,633.1,40,-23.4,-27.1,-4.5,-13.4,-0.6,-69.1,11.2,-56.8,
Greg Allen,Indians,OF,621.9,33,-23.6,-27.2,-4.5,-13.4,-0.3,-69.1,11.2,-56.9,
Dan Vogelbach,Mariners,1B/DH,654.8,62,-22.4,-26.0,-5.1,-12.6,-0.3,-66.4,8.5,-56.9,
Noel Cuevas,Rockies,OF,999,33,-23.4,-27.2,-4.9,-13.2,-0.4,-69.2,11.2,-56.9,
Rob Segedin,Dodgers,1B/3B/OF,999,59,-22.5,-26.3,-5.0,-12.7,-1.0,-67.5,9.2,-57.3,
J.D. Davis,Astros,3B,645.1,44,-22.8,-26.6,-5.1,-12.6,-0.8,-67.8,9.2,-57.6,
Pablo Sandoval,Giants,3B,677.1,40,-23.1,-27.0,-5.2,-13.0,-0.6,-68.8,9.2,-58.6,
Chris Carter,Angels,1B,999,33,-23.1,-27.0,-5.2,-12.6,-0.4,-68.4,8.5,-58.9,
Brandon Moss,Athletics,DH,617.5,165,-17.3,-21.2,-4.9,-8.8,-2.4,-54.6,-15.1,-68.6,
