PlayerName,Team,POS,ADP,IP,mERA,mWHIP,mSO,mQS,mSVHLD,PTS,aPOS,Dollars,Cost
Clayton Kershaw,Dodgers,SP,7.6,190,11.3,10.6,4.9,4.9,-2.2,29.5,8.6,39.0,
Chris Sale,Red Sox,SP,12.8,192,7.0,10.1,6.2,4.5,-2.2,25.5,8.6,35.1,
Max Scherzer,Nationals,SP,10.6,207,4.6,7.7,7.0,4.7,-2.2,21.8,8.6,31.4,
Noah Syndergaard,Mets,SP,34.1,182,7.0,6.9,5.0,3.8,-2.2,20.5,8.6,30.0,
Corey Kluber,Indians,SP,13.9,194,5.3,7.3,5.2,4.4,-2.2,20.1,8.6,29.7,
Jacob deGrom,Mets,SP,34.5,203,3.8,3.9,5.3,4.4,-2.2,15.3,8.6,24.8,
Stephen Strasburg,Nationals,SP,25.7,188,3.6,4.1,4.8,3.7,-2.2,14.0,8.6,23.6,
Chris Archer,Rays,SP,52.2,196,3.0,3.1,5.1,3.9,-2.2,13.0,8.6,22.5,
Luis Severino,Yankees,SP,33.4,188,2.2,2.9,4.6,3.6,-2.2,11.0,8.6,20.6,
Carlos Carrasco,Indians,SP,35.7,178,2.7,3.7,3.5,3.3,-2.2,10.9,8.6,20.5,
Jose Quintana,Cubs,SP,73.7,196,2.9,2.0,3.9,3.9,-2.2,10.5,8.6,20.0,
Yu Darvish,Cubs,SP,51.8,173,1.6,3.1,4.1,2.9,-2.2,9.4,8.6,18.9,
Madison Bumgarner,Giants,SP,26,207,0.4,3.0,3.9,4.3,-2.2,9.3,8.6,18.9,
Justin Verlander,Astros,SP,40.1,204,-1.2,2.1,5.4,3.9,-2.2,8.1,8.6,17.6,
James Paxton,Mariners,SP,77.5,176,2.3,1.2,2.8,3.1,-2.2,7.2,8.6,16.8,
Jeff Samardzija,Giants,SP,139,202,-0.5,2.3,3.1,3.9,-2.2,6.6,8.6,16.2,
David Price,Red Sox,SP,117.4,180,0.1,2.2,2.9,3.1,-2.2,6.1,8.6,15.7,
Shohei Ohtani,Angels,SP,73,148,1.7,1.1,3.1,2.1,-2.2,5.8,8.6,15.4,
Kenley Jansen,Dodgers,RP,36.8,65,3.9,4.8,-1.8,-3.1,5.8,9.7,4.7,15.4,
Zack Greinke,Diamondbacks,SP,47,203,-0.9,1.0,3.7,3.9,-2.2,5.5,8.6,15.0,
Robbie Ray,Diamondbacks,SP,47.6,168,0.9,-0.3,4.4,2.5,-2.2,5.3,8.6,14.9,
Craig Kimbrel,Red Sox,RP,44.8,65,4.5,3.6,-1.3,-3.1,5.2,8.9,4.7,14.6,
Aaron Nola,Phillies,SP,66.4,180,-0.1,1.0,3.3,3.1,-2.2,5.0,8.6,14.6,
Rich Hill,Dodgers,SP,122.3,141,1.3,1.2,1.8,1.7,-2.2,3.7,8.6,13.3,
Carlos Martinez,Cardinals,SP,53.3,202,0.3,-3.1,4.1,4.0,-2.2,3.1,8.6,12.7,
Danny Salazar,Indians,SP,170.4,120,1.6,1.2,1.2,-0.2,-1.5,2.2,8.6,11.8,
Aroldis Chapman,Yankees,RP,65.3,65,3.4,2.2,-1.5,-3.1,4.8,5.8,4.7,11.5,
Jon Lester,Cubs,SP,119.3,195,-1.7,-1.0,3.3,3.3,-2.2,1.8,8.6,11.3,
Masahiro Tanaka,Yankees,SP,102.4,176,-2.4,1.5,2.3,2.6,-2.2,1.7,8.6,11.2,
Alex Wood,Dodgers,SP,109.8,131,2.0,0.3,0.1,1.4,-2.2,1.5,8.6,11.1,
Dallas Keuchel,Astros,SP,78,202,0.8,-3.5,2.3,4.0,-2.2,1.5,8.6,11.0,
Andrew Miller,Indians,RP,207.3,65,3.9,3.1,-1.8,-3.1,2.9,4.9,4.7,10.6,
Luke Weaver,Cardinals,SP,110.1,145,-0.5,0.3,1.0,1.4,-2.2,0.1,8.6,9.6,
Edwin Diaz,Mariners,RP,89.7,65,2.1,1.7,-2.1,-3.1,5.0,3.7,4.7,9.4,
Ken Giles,Astros,RP,96.9,65,2.3,1.6,-2.0,-3.1,4.8,3.6,4.7,9.3,
Felipe Rivero,Pirates,RP,89.2,65,2.9,1.0,-2.3,-3.1,5.0,3.5,4.7,9.2,
Lance McCullers,Astros,SP,150.7,137,1.2,-1.9,1.1,1.4,-2.2,-0.4,8.6,9.2,
Corey Knebel,Brewers,RP,62.2,65,2.4,1.0,-1.7,-3.1,4.6,3.3,4.7,9.0,
Walker Buehler,Dodgers,SP,357.5,80,2.8,0.6,-1.4,-1.1,-1.5,-0.6,8.6,8.9,
Jameson Taillon,Pirates,SP,195,189,-2.1,-2.2,2.7,3.0,-2.2,-0.9,8.6,8.7,
Sean Doolittle,Nationals,RP,134.2,65,1.6,2.1,-2.4,-3.1,4.5,2.7,4.7,8.4,
Johnny Cueto,Giants,SP,153.6,179,-1.7,-1.5,1.4,2.8,-2.2,-1.2,8.6,8.4,
Luis Castillo,Reds,SP,101.7,144,-1.2,-0.7,1.0,1.5,-2.2,-1.6,8.6,8.0,
Roberto Osuna,Blue Jays,RP,78.3,65,0.9,1.9,-2.6,-3.1,4.9,2.0,4.7,7.7,
Brad Hand,Padres,RP,113.5,65,1.7,0.7,-2.5,-3.1,4.7,1.5,4.7,7.3,
Raisel Iglesias,Reds,RP,101.6,65,1.3,1.0,-2.5,-3.1,4.8,1.5,4.7,7.2,
Marcus Stroman,Blue Jays,SP,126.9,200,-1.5,-4.3,2.0,3.6,-2.2,-2.4,8.6,7.1,
Blake Snell,Rays,SP,216,157,-0.6,-3.7,2.1,1.9,-2.2,-2.5,8.6,7.0,
Jon Gray,Rockies,SP,166.2,190,-4.1,-3.0,3.9,2.8,-2.2,-2.6,8.6,7.0,
Garrett Richards,Angels,SP,180.2,132,0.2,-1.9,-0.1,1.3,-2.2,-2.8,8.6,6.8,
Charlie Morton,Astros,SP,174.2,130,-0.5,-1.6,0.4,1.0,-2.2,-2.9,8.6,6.6,
Brandon Morrow,Cubs,RP,201.8,65,0.7,0.2,-3.0,-3.1,5.9,0.8,4.7,6.5,
Gerrit Cole,Astros,SP,85.5,175,-4.4,-1.0,2.1,2.3,-2.2,-3.1,8.6,6.4,
Michael Wacha,Cardinals,SP,234.8,167,-2.2,-2.8,1.6,2.1,-2.2,-3.5,8.6,6.0,
Ryan Madson,Nationals,RP,414.3,65,2.0,1.0,-2.8,-3.1,3.3,0.3,4.7,6.0,
Luiz Gohara,Braves,SP,279.5,130,-0.5,-2.8,0.7,1.0,-2.2,-3.8,8.6,5.8,
Kenta Maeda,Dodgers,SP,201.6,126,-2.8,0.5,-0.1,0.6,-2.2,-4.0,8.6,5.5,
Alex Reyes,Cardinals,SP,255.1,102,0.0,-1.9,-0.2,-0.1,-2.0,-4.2,8.6,5.3,
Kyle Hendricks,Cubs,SP,117.3,170,-2.8,-2.3,0.9,2.2,-2.2,-4.2,8.6,5.3,
Joe Musgrove,Pirates,SP,362.8,157,-2.6,-1.9,0.7,1.7,-2.2,-4.3,8.6,5.3,
Dellin Betances,Yankees,RP,277.9,55,2.6,1.2,-2.3,-3.1,1.1,-0.5,4.7,5.2,
Mark Melancon,Giants,RP,176.4,65,1.4,0.0,-3.5,-3.1,4.5,-0.7,4.7,5.0,
Cody Allen,Indians,RP,99.2,65,0.3,0.4,-2.5,-3.1,4.1,-0.8,4.7,4.9,
Hyun-Jin Ryu,Dodgers,SP,342.2,124,-1.3,-1.3,-0.8,0.6,-2.2,-5.0,8.6,4.5,
Blake Parker,Angels,RP,215.4,65,1.1,1.0,-2.7,-3.1,2.5,-1.2,4.7,4.5,
Miles Mikolas,Cardinals,SP,303.3,120,-2.8,0.3,-0.7,0.4,-2.2,-5.1,8.6,4.5,
Trevor Bauer,Indians,SP,144.1,171,-4.0,-3.2,2.4,2.1,-2.2,-5.1,8.6,4.5,
Alex Colome,Rays,RP,120.3,65,0.1,-0.4,-3.2,-3.1,5.3,-1.3,4.7,4.4,
Wilmer Font,Dodgers,SP,648.1,56,0.4,1.3,-3.2,-1.6,-2.0,-5.2,8.6,4.4,
Jeurys Familia,Mets,RP,180.1,65,0.7,-1.6,-3.1,-3.1,5.5,-1.5,4.7,4.2,
Anthony Swarzak,Mets,RP,465.4,65,1.6,0.9,-2.8,-3.1,1.7,-1.6,4.7,4.1,
Luke Gregerson,Cardinals,RP,329.5,65,0.7,-0.2,-3.2,-3.1,4.0,-1.7,4.7,4.0,
Jake Arrieta,,SP,96.2,179,-4.4,-3.5,1.9,2.5,-2.2,-5.7,8.6,3.8,
Brett Cecil,Cardinals,RP,627.3,65,0.9,0.0,-3.1,-3.1,3.3,-2.0,4.7,3.7,
Dinelson Lamet,Padres,SP,212.6,140,-2.8,-3.6,1.7,1.1,-2.2,-5.8,8.6,3.7,
Justin Wilson,Cubs,RP,585.8,55,1.8,0.2,-2.9,-3.1,1.8,-2.2,4.7,3.6,
Archie Bradley,Diamondbacks,RP,189.2,65,0.9,-0.1,-2.7,-3.1,2.8,-2.2,4.7,3.5,
Kelvin Herrera,Royals,RP,204,65,-0.1,-0.4,-3.1,-3.1,4.4,-2.2,4.7,3.5,
Rick Porcello,Red Sox,SP,239.7,182,-6.7,-1.0,1.4,2.5,-2.2,-6.1,8.6,3.5,
Wade Davis,Rockies,RP,106,65,-0.1,-0.9,-2.6,-3.1,4.5,-2.3,4.7,3.4,
Danny Duffy,Royals,SP,182.5,180,-5.4,-2.7,1.7,2.5,-2.2,-6.2,8.6,3.4,
Cam Bedrosian,Angels,RP,331.8,65,0.1,-0.8,-2.9,-3.1,4.3,-2.4,4.7,3.3,
Arodys Vizcaino,Braves,RP,152.2,65,-0.1,-0.9,-2.6,-3.1,4.0,-2.7,4.7,3.1,
Brad Peacock,Astros,SP,234.9,94,-2.0,-1.3,-1.1,-1.7,-0.4,-6.6,8.6,3.0,
Matt Andriese,Rays,SP,492.8,127,-3.1,-0.9,-0.7,-0.5,-1.6,-6.8,8.6,2.8,
Brent Honeywell,Rays,SP,270.7,92,-2.1,-0.3,-1.8,-0.4,-2.2,-6.8,8.6,2.8,
David Robertson,Yankees,RP,293.7,65,0.4,0.2,-2.4,-3.1,1.8,-3.1,4.7,2.7,
Scott Alexander,Dodgers,RP,637.7,65,2.5,-1.0,-3.4,-3.1,1.7,-3.3,4.7,2.4,
Pat Neshek,Phillies,RP,504.7,65,-0.9,0.9,-2.9,-3.1,2.7,-3.3,4.7,2.4,
Nathan Eovaldi,Rays,SP,566.3,120,-2.1,-2.2,-1.2,0.5,-2.2,-7.2,8.6,2.3,
Kirby Yates,Padres,RP,459.6,55,0.6,0.6,-2.9,-3.1,1.4,-3.4,4.7,2.3,
Tyler Skaggs,Angels,SP,369.6,154,-4.1,-3.2,0.7,1.6,-2.2,-7.2,8.6,2.3,
Clayton Richard,Padres,SP,499.7,191,-1.9,-7.3,0.8,3.3,-2.2,-7.3,8.6,2.2,
Zack Godley,Diamondbacks,SP,130.3,141,-2.7,-4.3,0.6,1.2,-2.2,-7.3,8.6,2.2,
A.J. Minter,Braves,RP,430.4,55,1.5,0.2,-2.8,-3.1,0.7,-3.5,4.7,2.2,
Chad Green,Yankees,RP,293,45,1.4,1.6,-3.6,-3.1,0.1,-3.5,4.7,2.2,
Drew Pomeranz,Red Sox,SP,184.1,163,-4.3,-4.2,1.7,1.5,-2.2,-7.4,8.6,2.1,
J.A. Happ,Blue Jays,SP,255.3,171,-5.4,-3.3,1.4,2.0,-2.2,-7.5,8.6,2.0,
Matt Strahm,Padres,SP,554.4,87,-1.1,-1.8,-1.8,-1.0,-2.1,-7.6,8.6,2.0,
Tommy Kahnle,Yankees,RP,456.1,55,0.7,-0.2,-2.9,-3.1,1.6,-3.8,4.7,1.9,
Hector Rondon,Astros,RP,585.2,65,0.3,0.4,-2.8,-3.1,1.3,-3.9,4.7,1.8,
Gio Gonzalez,Nationals,SP,148.3,190,-4.4,-6.2,2.4,2.8,-2.2,-7.7,8.6,1.8,
Hector Neris,Phillies,RP,143.9,65,-1.4,-0.6,-2.7,-3.1,3.8,-4.0,4.7,1.7,
Matt Shoemaker,Angels,SP,337.6,120,-4.1,-0.8,-1.0,0.3,-2.2,-7.8,8.6,1.7,
Drew Steckenrider,Marlins,RP,363,55,1.2,-0.4,-3.2,-3.1,1.3,-4.1,4.7,1.6,
Josh Hader,Brewers,RP,305.8,55,0.4,-0.3,-2.9,-3.1,1.6,-4.2,4.7,1.5,
Tommy Hunter,Phillies,RP,581.3,55,0.4,0.4,-3.5,-3.1,1.5,-4.3,4.7,1.4,
Tyler Lyons,Cardinals,RP,420.6,55,0.1,0.3,-3.5,-3.1,1.9,-4.3,4.7,1.4,
Brock Stewart,Dodgers,SP,531.6,98,-2.7,-1.1,-1.7,-0.7,-2.0,-8.2,8.6,1.3,
Nate Jones,White Sox,RP,403.3,55,0.9,0.4,-3.2,-3.1,0.5,-4.4,4.7,1.3,
Andrew Heaney,Angels,SP,429.1,127,-4.2,-1.8,-0.6,0.4,-2.2,-8.3,8.6,1.3,
Jake Faria,Rays,SP,236.5,143,-4.4,-3.9,1.1,1.1,-2.2,-8.3,8.6,1.2,
Sonny Gray,Yankees,SP,143.4,186,-5.3,-5.4,2.0,2.6,-2.2,-8.4,8.6,1.2,
Collin McHugh,Astros,SP,345.5,72,-1.8,-0.4,-3.1,-2.1,-1.1,-8.4,8.6,1.2,
Carl Edwards Jr.,Cubs,RP,340.7,55,1.2,-0.9,-2.7,-3.1,1.0,-4.6,4.7,1.1,
Brad Boxberger,Diamondbacks,RP,322,65,-1.5,-1.9,-2.7,-3.1,4.6,-4.6,4.7,1.1,
Michael Feliz,Pirates,RP,665.3,55,0.8,0.0,-3.1,-3.1,0.8,-4.6,4.7,1.1,
Shane Greene,Tigers,RP,241.9,65,-1.0,-1.4,-3.1,-3.1,4.0,-4.7,4.7,1.1,
Juan Nicasio,Mariners,RP,426.6,65,-0.1,-0.3,-2.9,-3.1,1.6,-4.7,4.7,1.0,
Michael Fulmer,Tigers,SP,191.5,185,-6.1,-4.2,1.3,2.7,-2.2,-8.6,8.6,1.0,
Chris Devenski,Astros,RP,291.4,55,0.0,0.8,-3.3,-3.1,0.7,-4.8,4.7,0.9,
Phil Maton,Padres,RP,627.4,65,-0.1,-0.5,-2.9,-3.1,1.6,-4.9,4.7,0.8,
Tyler Glasnow,Pirates,SP,375.1,78,-1.2,-2.8,-1.7,-0.9,-2.2,-8.7,8.6,0.8,
Ross Stripling,Dodgers,RP,633.4,55,0.6,0.2,-3.8,-3.1,1.1,-4.9,4.7,0.8,
Joe Kelly,Red Sox,RP,659.7,55,0.6,-0.5,-3.5,-3.1,1.5,-5.0,4.7,0.7,
Mike Montgomery,Cubs,SP/RP,371.2,72,-0.8,-2.7,-3.3,-2.4,0.3,-8.9,8.6,0.7,
Jacob Barnes,Brewers,RP,611.5,65,0.2,-1.1,-2.8,-3.1,1.8,-5.0,4.7,0.7,
Kyle Barraclough,Marlins,RP,315.5,65,0.3,-2.3,-2.6,-3.1,2.5,-5.1,4.7,0.6,
Dillon Peters,Marlins,SP,535.2,128,-1.9,-4.4,-1.3,0.8,-2.2,-9.1,8.6,0.5,
Keone Kela,Rangers,RP,374.7,55,0.4,-0.2,-3.0,-3.1,0.6,-5.3,4.7,0.4,
Blake Treinen,Athletics,RP,192.8,65,0.3,-1.7,-3.3,-3.1,2.3,-5.4,4.7,0.3,
Andrew Chafin,Diamondbacks,RP,999,55,0.7,-1.2,-3.4,-3.1,1.5,-5.5,4.7,0.2,
Will Harris,Astros,RP,544.1,55,0.0,-0.1,-3.6,-3.1,1.3,-5.5,4.7,0.2,
Nick Goody,Indians,RP,612.1,55,-0.8,-0.1,-3.2,-3.1,1.6,-5.5,4.7,0.2,
Seth Lugo,Mets,SP,544.3,72,-2.0,-0.9,-3.4,-2.1,-1.0,-9.4,8.6,0.1,
Jimmy Nelson,Brewers,SP,299.4,66,-1.7,-1.4,-3.1,-1.1,-2.2,-9.5,8.6,0.0,
Julio Urias,Dodgers,SP,611.6,35,-0.1,-0.7,-4.7,-2.0,-2.2,-9.7,8.6,-0.1,
Joakim Soria,White Sox,RP,355,65,-0.3,-1.0,-3.0,-3.1,1.6,-5.8,4.7,-0.1,
Tony Watson,Giants,RP,642.5,55,0.0,-0.6,-3.9,-3.1,1.7,-5.8,4.7,-0.1,
Sam Dyson,Giants,RP,506.7,65,0.2,-2.6,-3.8,-3.1,3.4,-5.9,4.7,-0.1,
Alex Claudio,Rangers,RP,315.9,65,-0.7,-2.3,-4.0,-3.1,4.1,-6.0,4.7,-0.2,
Liam Hendriks,Athletics,RP,653.3,55,-0.2,0.0,-3.5,-3.1,0.7,-6.1,4.7,-0.3,
Patrick Corbin,Diamondbacks,SP,238.2,139,-4.0,-4.4,-0.2,0.9,-2.2,-9.9,8.6,-0.4,
Dominic Leone,Cardinals,RP,517.2,55,0.2,-0.6,-3.4,-3.1,0.9,-6.1,4.7,-0.4,
Brad Brach,Orioles,RP,218.8,65,-1.4,-1.5,-2.9,-3.1,2.8,-6.1,4.7,-0.4,
Eduardo Rodriguez,Red Sox,SP,337.1,64,-2.1,-1.1,-3.3,-1.3,-2.2,-10.0,8.6,-0.4,
Mychal Givens,Orioles,RP,390.3,55,-0.4,-0.3,-3.3,-3.1,0.8,-6.1,4.7,-0.4,
Anthony DeSclafani,Reds,SP,399.1,151,-6.6,-3.0,0.4,1.4,-2.2,-10.0,8.6,-0.5,
Tony Cingrani,Dodgers,RP,705.2,55,-0.3,-1.1,-3.4,-3.1,1.7,-6.2,4.7,-0.5,
Andrew Kittredge,Rays,RP,640.4,55,-0.3,-0.4,-3.7,-3.1,1.2,-6.2,4.7,-0.5,
Bryan Mitchell,Padres,SP,517.5,109,-2.1,-4.2,-1.7,0.1,-2.2,-10.1,8.6,-0.5,
Jerry Blevins,Mets,RP,668,55,0.0,-0.8,-3.3,-3.1,1.0,-6.3,4.7,-0.5,
Carson Smith,Red Sox,RP,588.5,65,-0.1,-1.8,-3.3,-3.1,1.9,-6.3,4.7,-0.6,
Jimmie Sherfy,Diamondbacks,RP,549.9,55,-0.3,-0.6,-3.3,-3.1,0.9,-6.3,4.7,-0.6,
David Phelps,Mariners,RP,668.5,55,0.0,-0.5,-3.4,-3.1,0.7,-6.4,4.7,-0.7,
Fernando Rodney,Twins,RP,237.3,65,-1.7,-2.9,-3.2,-3.1,4.6,-6.4,4.7,-0.7,
Trevor Hildenberger,Twins,RP,417.3,55,-0.2,-0.5,-3.9,-3.1,1.3,-6.4,4.7,-0.7,
Tyler Anderson,Rockies,SP,426.4,141,-5.2,-4.0,0.2,0.9,-2.2,-10.2,8.6,-0.7,
Zack Wheeler,Mets,SP,428.5,116,-3.3,-4.1,-0.8,0.2,-2.2,-10.3,8.6,-0.7,
Rafael Montero,Mets,SP/RP,622.3,39,-0.6,-1.2,-4.5,-2.9,-1.1,-10.3,8.6,-0.8,
Tanner Roark,Nationals,SP,256.3,171,-5.6,-5.4,1.0,1.9,-2.2,-10.3,8.6,-0.8,
Bryan Shaw,Rockies,RP,572.1,55,-0.2,-1.2,-3.6,-3.1,1.6,-6.5,4.7,-0.8,
Carlos Rodon,White Sox,SP,364.9,112,-3.8,-3.7,-0.7,0.1,-2.2,-10.4,8.6,-0.8,
Steve Cishek,Cubs,RP,522,65,-0.6,-1.5,-3.2,-3.1,1.8,-6.6,4.7,-0.8,
Pedro Strop,Cubs,RP,591.2,40,1.0,-0.2,-4.1,-3.1,-0.3,-6.7,4.7,-1.0,
Jake McGee,Rockies,RP,525.2,65,-1.6,-1.1,-3.0,-3.1,2.1,-6.7,4.7,-1.0,
Jose Berrios,Twins,SP,109.2,169,-7.7,-4.1,1.9,1.5,-2.2,-10.6,8.6,-1.0,
Jose De Leon,Rays,SP,521.2,55,-2.0,-1.1,-3.6,-1.6,-2.2,-10.6,8.6,-1.0,
Darren O'Day,Orioles,RP,560.5,65,-1.2,-0.8,-2.8,-3.1,1.0,-6.8,4.7,-1.1,
Nathan Karns,Royals,SP,480.5,91,-3.6,-2.3,-1.9,-0.6,-2.2,-10.7,8.6,-1.1,
Felix Hernandez,Mariners,SP,283.4,162,-5.8,-4.9,0.7,1.6,-2.2,-10.7,8.6,-1.1,
Santiago Casilla,Athletics,RP,619.6,65,-2.2,-2.0,-3.4,-3.1,3.8,-6.9,4.7,-1.2,
Wei-Yin Chen,Marlins,SP,615.3,37,-1.1,-0.4,-5.0,-2.0,-2.2,-10.7,8.6,-1.2,
Jack Flaherty,Cardinals,SP,367.1,60,-1.7,-1.4,-3.7,-1.9,-2.0,-10.8,8.6,-1.2,
Joe Smith,Astros,RP,646.8,45,0.3,-0.1,-4.2,-3.1,0.1,-7.0,4.7,-1.3,
Brad Ziegler,Marlins,RP,372.9,65,-0.6,-3.4,-4.3,-3.1,4.3,-7.0,4.7,-1.3,
Eric Skoglund,Royals,SP,710.5,47,-1.3,-0.9,-4.4,-2.7,-1.6,-10.9,8.6,-1.3,
Tyler Chatwood,Cubs,SP,277.8,137,-2.6,-7.0,-0.2,1.0,-2.2,-11.0,8.6,-1.4,
Zach Britton,Orioles,RP,282.8,40,1.6,-0.7,-4.4,-3.1,-0.7,-7.2,4.7,-1.5,
Hunter Strickland,Giants,RP,617.3,55,-0.3,-0.9,-3.8,-3.1,0.9,-7.3,4.7,-1.5,
Kevin Gausman,Orioles,SP,204.5,183,-8.1,-5.1,2.2,2.1,-2.2,-11.1,8.6,-1.6,
Yusmeiro Petit,Athletics,RP,471.3,55,-1.7,-0.1,-3.8,-3.1,1.4,-7.3,4.7,-1.6,
Sean Newcomb,Braves,SP,321.9,153,-4.0,-8.3,2.0,1.3,-2.2,-11.1,8.6,-1.6,
Pedro Baez,Dodgers,RP,647.5,45,-0.4,-0.2,-4.1,-3.1,0.4,-7.3,4.7,-1.6,
A.J. Ramos,Mets,RP,355.9,55,-0.7,-1.8,-3.3,-3.1,1.6,-7.3,4.7,-1.6,
Enny Romero,Nationals,RP,686,40,0.4,-0.4,-4.1,-3.1,-0.2,-7.4,4.7,-1.6,
David Hernandez,Reds,RP,647,65,-1.7,-0.9,-3.1,-3.1,1.4,-7.4,4.7,-1.7,
Jakob Junis,Royals,SP,383.6,162,-8.0,-2.8,0.5,1.3,-2.2,-11.2,8.6,-1.7,
Koda Glover,Nationals,RP,626.2,45,-0.1,-0.4,-4.1,-3.1,0.3,-7.4,4.7,-1.7,
Bud Norris,Cardinals,RP,579.9,45,0.0,-0.4,-4.1,-3.1,0.2,-7.4,4.7,-1.7,
Keynan Middleton,Angels,RP,626.4,55,-1.0,-0.9,-3.7,-3.1,1.3,-7.4,4.7,-1.7,
Chaz Roe,Rays,RP,701.8,45,0.3,-0.7,-4.1,-3.1,0.0,-7.4,4.7,-1.7,
Jason Vargas,Mets,SP,447.1,157,-6.2,-4.3,0.1,1.3,-2.2,-11.3,8.6,-1.8,
Nick Tropeano,Angels,SP,613.3,46,-1.8,-1.1,-4.4,-1.8,-2.2,-11.3,8.6,-1.8,
Dan Straily,Marlins,SP,320.5,182,-8.8,-4.3,2.0,2.0,-2.2,-11.4,8.6,-1.8,
James Pazos,Mariners,RP,661,45,0.4,-1.0,-3.9,-3.1,0.0,-7.5,4.7,-1.8,
Erick Fedde,Nationals,SP,619.3,64,-1.9,-2.3,-3.8,-1.3,-2.2,-11.5,8.6,-1.9,
Michael Lorenzen,Reds,RP,581.8,55,-0.7,-1.3,-3.7,-3.1,1.2,-7.6,4.7,-1.9,
Sean Manaea,Athletics,SP,251.9,173,-6.9,-5.5,1.2,1.9,-2.2,-11.5,8.6,-1.9,
Ryan Tepera,Blue Jays,RP,587.7,65,-1.5,-1.4,-3.1,-3.1,1.5,-7.7,4.7,-1.9,
Tyler Mahle,Reds,SP,412.5,64,-2.9,-1.5,-3.6,-1.4,-2.2,-11.5,8.6,-2.0,
Aaron Loup,Blue Jays,RP,999,55,-0.2,-1.4,-3.7,-3.1,0.7,-7.7,4.7,-2.0,
Wade Miley,Brewers,SP,666.9,45,-1.1,-1.9,-4.3,-2.1,-2.0,-11.6,8.6,-2.0,
Nick Pivetta,Phillies,SP,435.6,157,-7.3,-5.1,1.7,1.1,-2.2,-11.7,8.6,-2.2,
Alex Cobb,,SP,225.1,135,-5.2,-4.0,-1.2,0.8,-2.2,-11.8,8.6,-2.2,
Justin Nicolino,Marlins,SP/RP,999,44,-1.3,-1.5,-5.0,-2.9,-1.1,-11.8,8.6,-2.3,
Addison Reed,Twins,RP,267.5,65,-2.2,-0.7,-3.4,-3.1,1.3,-8.0,4.7,-2.3,
Mike Clevinger,Indians,SP,217,160,-6.8,-5.7,1.8,1.1,-2.2,-11.9,8.6,-2.3,
Taijuan Walker,Diamondbacks,SP,220.2,186,-8.5,-5.5,2.3,2.0,-2.2,-11.9,8.6,-2.3,
Brandon Kintzler,Nationals,RP,474.5,55,-0.6,-1.8,-4.4,-3.1,1.9,-8.0,4.7,-2.3,
Trevor Oaks,Royals,SP,723,46,-1.7,-1.3,-4.9,-1.8,-2.2,-11.9,8.6,-2.4,
Craig Stammen,Padres,RP,675.3,55,-0.6,-1.3,-4.0,-3.1,0.9,-8.1,4.7,-2.4,
Brandon McCarthy,Braves,SP,439.2,156,-6.3,-5.0,0.4,1.2,-2.2,-12.0,8.6,-2.4,
Robbie Erlin,Padres,SP,638.5,46,-1.8,-1.5,-4.7,-1.8,-2.2,-12.0,8.6,-2.4,
Tom Koehler,Dodgers,RP,723,40,-0.3,-0.2,-4.4,-3.1,-0.2,-8.2,4.7,-2.5,
German Marquez,Rockies,SP,336.9,137,-6.5,-3.8,0.0,0.5,-2.2,-12.0,8.6,-2.5,
Sergio Romo,Rays,RP,652.2,55,-1.5,-0.6,-3.8,-3.1,0.7,-8.2,4.7,-2.5,
Wandy Peralta,Reds,RP,720.5,55,-0.3,-1.8,-3.7,-3.1,0.7,-8.3,4.7,-2.5,
Paul Sewald,Mets,RP,999,45,-0.8,-0.5,-4.1,-3.1,0.2,-8.3,4.7,-2.6,
Daniel Hudson,Pirates,RP,651.7,65,-1.5,-2.3,-3.2,-3.1,1.6,-8.4,4.7,-2.6,
Taylor Rogers,Twins,RP,604,55,-0.8,-1.1,-3.9,-3.1,0.6,-8.4,4.7,-2.7,
Danny Barnes,Blue Jays,RP,999,55,-2.4,-0.7,-3.7,-3.1,1.5,-8.4,4.7,-2.7,
Brandon Maurer,Royals,RP,537,65,-1.8,-1.3,-3.4,-3.1,1.2,-8.5,4.7,-2.8,
Dan Jennings,Rays,RP,630.5,65,-0.4,-3.0,-3.7,-3.1,1.7,-8.5,4.7,-2.8,
Ivan Nova,Pirates,SP,350.6,165,-6.9,-4.7,-0.2,1.7,-2.2,-12.3,8.6,-2.8,
Jose Alvarez,Angels,RP,999,45,-0.4,-0.6,-4.4,-3.1,0.0,-8.5,4.7,-2.8,
Kevin Shackelford,Reds,RP,729,40,0.1,-0.8,-4.3,-3.1,-0.5,-8.5,4.7,-2.8,
Matt Barnes,Red Sox,RP,658.8,45,-0.5,-1.0,-4.1,-3.1,0.2,-8.5,4.7,-2.8,
Tyler Beede,Giants,SP,622.4,37,-1.2,-1.8,-5.1,-2.0,-2.2,-12.4,8.6,-2.8,
Sam Freeman,Braves,RP,999,55,-0.5,-2.6,-3.6,-3.1,1.2,-8.6,4.7,-2.9,
Jose Torres,Padres,RP,694,45,-0.6,-0.8,-4.2,-3.1,0.0,-8.6,4.7,-2.9,
Shelby Miller,Diamondbacks,SP,669.7,37,-1.9,-1.4,-4.8,-2.1,-2.2,-12.4,8.6,-2.9,
Ryne Stanek,Rays,RP,689.8,40,-0.1,-0.8,-4.2,-3.1,-0.5,-8.6,4.7,-2.9,
Vince Velasquez,Phillies,SP,363.5,115,-5.9,-3.6,-0.4,-0.3,-2.2,-12.5,8.6,-2.9,
Marco Gonzales,Mariners,SP,632.8,81,-3.4,-2.4,-3.0,-1.6,-2.1,-12.5,8.6,-2.9,
Chad Kuhl,Pirates,SP,394.5,149,-5.6,-5.9,0.5,0.8,-2.2,-12.5,8.6,-2.9,
Luis Avilan,White Sox,RP,999,55,-0.7,-2.4,-3.6,-3.1,1.2,-8.6,4.7,-2.9,
Matt Albers,Brewers,RP,610.5,45,-0.5,-1.0,-4.3,-3.1,0.2,-8.7,4.7,-3.0,
Nick Vincent,Mariners,RP,660.1,55,-2.0,-0.9,-4.0,-3.1,1.2,-8.7,4.7,-3.0,
Cory Gearrin,Giants,RP,658.7,45,-0.3,-1.3,-4.3,-3.1,0.2,-8.8,4.7,-3.1,
Joaquin Benoit,Nationals,RP,999,55,-1.6,-1.7,-3.7,-3.1,1.3,-8.8,4.7,-3.1,
Daniel Winkler,Braves,RP,651.4,45,-0.7,-1.0,-4.1,-3.1,0.0,-8.8,4.7,-3.1,
Edubray Ramos,Phillies,RP,688.4,45,-1.1,-0.7,-4.0,-3.1,0.1,-8.8,4.7,-3.1,
Jake Diekman,Rangers,RP,619.4,55,-0.9,-2.5,-3.5,-3.1,1.1,-8.9,4.7,-3.1,
Luis Garcia,Phillies,RP,643.9,55,-0.5,-2.3,-3.7,-3.1,0.8,-8.9,4.7,-3.1,
Tyler Duffey,Twins,RP,680.8,40,-0.5,-0.1,-4.6,-3.1,-0.5,-8.9,4.7,-3.1,
Jose Ramirez,Braves,RP,630.3,65,-2.4,-3.0,-3.1,-3.1,2.6,-8.9,4.7,-3.2,
Jim Johnson,Angels,RP,553.5,55,-0.8,-1.7,-4.0,-3.1,0.7,-8.9,4.7,-3.2,
Juan Minaya,White Sox,RP,341.6,65,-3.6,-3.0,-3.3,-3.1,4.1,-8.9,4.7,-3.2,
Oliver Drake,Brewers,RP,999,40,-0.3,-1.0,-4.3,-3.1,-0.3,-8.9,4.7,-3.2,
Dan Otero,Indians,RP,999,45,-0.2,-0.9,-4.9,-3.1,0.2,-9.0,4.7,-3.2,
Josh Tomlin,Indians,SP,450.5,92,-5.7,-1.1,-3.1,-0.8,-2.2,-13.0,8.6,-3.4,
Blake Wood,Angels,RP,657,40,-0.1,-1.0,-4.5,-3.1,-0.4,-9.1,4.7,-3.4,
Chris Rusin,Rockies,RP,629.6,40,-0.3,-0.8,-4.7,-3.1,-0.3,-9.1,4.7,-3.4,
Greg Holland,,RP,138.9,65,-0.1,-1.1,-2.7,-3.1,-2.2,-9.2,4.7,-3.5,
Chris Stratton,Giants,SP,519.2,154,-5.3,-6.5,-0.1,1.1,-2.2,-13.1,8.6,-3.5,
Jordan Montgomery,Yankees,SP,250.4,153,-7.4,-5.0,0.6,0.8,-2.2,-13.1,8.6,-3.6,
Sal Romano,Reds,SP,642,109,-4.6,-4.4,-1.8,-0.1,-2.2,-13.1,8.6,-3.6,
Randall Delgado,Diamondbacks,RP,999,45,-1.2,-1.0,-4.2,-3.1,0.2,-9.3,4.7,-3.6,
Adam Morgan,Phillies,RP,686,49,-1.7,-0.4,-4.1,-2.9,-0.4,-9.5,4.7,-3.8,
A.J. Schugel,Pirates,RP,999,55,-1.7,-2.2,-4.1,-3.1,1.6,-9.5,4.7,-3.8,
Ryan Borucki,Blue Jays,SP,999,37,-2.1,-1.7,-5.1,-2.1,-2.2,-13.3,8.6,-3.8,
Rookie Davis,Reds,SP,999,45,-2.8,-1.5,-4.6,-2.3,-2.1,-13.3,8.6,-3.8,
Tyler Olson,Indians,RP,999,55,-1.6,-1.8,-3.9,-3.1,0.8,-9.6,4.7,-3.8,
Adam Ottavino,Rockies,RP,637.5,55,-1.8,-2.2,-3.4,-3.1,1.0,-9.6,4.7,-3.9,
John Brebbia,Cardinals,RP,681.7,40,-1.2,-0.4,-4.5,-3.1,-0.3,-9.6,4.7,-3.9,
Mike Foltynewicz,Braves,SP,347.4,150,-7.8,-5.0,0.7,0.9,-2.2,-13.5,8.6,-3.9,
Wily Peralta,Royals,RP,627,55,-1.7,-1.8,-4.1,-3.1,1.2,-9.6,4.7,-3.9,
Adam Wainwright,Cardinals,SP,454.4,142,-5.6,-5.6,-1.0,0.9,-2.2,-13.5,8.6,-3.9,
Jarlin Garcia,Marlins,RP,654.4,45,-0.9,-1.2,-4.5,-3.1,0.1,-9.7,4.7,-3.9,
Mike Minor,Rangers,SP,308.9,120,-6.3,-4.6,-0.4,0.0,-2.2,-13.5,8.6,-4.0,
Junichi Tazawa,Marlins,RP,999,55,-1.8,-1.5,-4.1,-3.1,0.7,-9.7,4.7,-4.0,
Amir Garrett,Reds,SP,623.3,35,-2.1,-2.1,-4.9,-2.2,-2.2,-13.6,8.6,-4.0,
Joe Biagini,Blue Jays,SP,603.9,118,-5.1,-4.5,-1.6,-0.9,-1.6,-13.6,8.6,-4.1,
Josh Osich,Giants,RP,999,40,-0.3,-1.6,-4.5,-3.1,-0.3,-9.8,4.7,-4.1,
Carter Capps,Padres,RP,617.8,40,-0.8,-1.0,-4.5,-3.1,-0.5,-9.8,4.7,-4.1,
Jaime Garcia,Blue Jays,SP,525.4,121,-5.0,-5.2,-1.6,0.3,-2.2,-13.7,8.6,-4.1,
Jeremy Jeffress,Brewers,RP,602.2,55,-1.0,-2.7,-4.1,-3.1,0.9,-9.9,4.7,-4.2,
Koji Uehara,,RP,999,45,-0.9,0.4,-4.1,-3.1,-2.2,-9.9,4.7,-4.2,
Derek Holland,Giants,SP,999,53,-2.6,-2.8,-4.4,-1.8,-2.2,-13.9,8.6,-4.3,
Brian Ellington,Marlins,RP,999,40,-0.8,-1.6,-4.2,-3.1,-0.4,-10.1,4.7,-4.3,
Marc Rzepczynski,Mariners,RP,999,40,0.1,-2.0,-4.6,-3.1,-0.5,-10.1,4.7,-4.3,
Emilio Pagan,Athletics,RP,570.3,45,-2.0,-0.9,-4.2,-3.1,0.0,-10.1,4.7,-4.4,
Chase Anderson,Brewers,SP,170.7,168,-9.7,-4.8,1.5,1.2,-2.2,-14.0,8.6,-4.4,
Sam Gaviglio,Royals,SP,715,36,-2.5,-1.8,-5.3,-2.2,-2.2,-14.1,8.6,-4.5,
Peter Moylan,Braves,RP,999,40,-0.5,-1.5,-4.8,-3.1,-0.5,-10.3,4.7,-4.6,
Daniel Stumpf,Tigers,RP,999,45,-1.1,-1.6,-4.4,-3.1,-0.2,-10.4,4.7,-4.6,
Mark Leiter,Phillies,SP,558.4,110,-6.4,-3.8,-1.5,-0.3,-2.2,-14.2,8.6,-4.7,
Brandon Workman,Red Sox,RP,999,55,-2.2,-2.0,-3.9,-3.1,0.9,-10.4,4.7,-4.7,
Yovani Gallardo,Brewers,SP,659.6,45,-2.7,-2.6,-4.6,-2.3,-2.0,-14.2,8.6,-4.7,
Jharel Cotton,Athletics,SP,395.3,161,-9.0,-5.2,0.9,1.1,-2.2,-14.3,8.6,-4.8,
Luis Perdomo,Padres,SP,506.3,153,-5.1,-7.8,-0.6,1.4,-2.2,-14.4,8.6,-4.8,
Aaron Sanchez,Blue Jays,SP,218.6,130,-5.2,-6.5,-0.9,0.5,-2.2,-14.4,8.6,-4.8,
Robert Gsellman,Mets,SP,554.7,81,-3.7,-4.0,-3.5,-1.0,-2.2,-14.4,8.6,-4.9,
Yonny Chirinos,Rays,RP,714.4,38,-1.0,-0.2,-5.0,-2.3,-2.1,-10.7,4.7,-5.0,
Joe Jimenez,Tigers,RP,577.9,40,-1.4,-1.2,-4.4,-3.1,-0.6,-10.7,4.7,-5.0,
Max Fried,Braves,SP,529.5,91,-3.3,-6.0,-2.4,-0.6,-2.2,-14.6,8.6,-5.0,
Adam Warren,Yankees,RP,637.8,40,-1.5,-1.2,-4.7,-3.1,-0.4,-10.7,4.7,-5.0,
Mike Leake,Mariners,SP,327.3,186,-8.8,-5.7,-0.2,2.2,-2.2,-14.6,8.6,-5.1,
Jared Hughes,Reds,RP,694.5,45,-1.1,-2.0,-4.6,-3.1,0.0,-10.8,4.7,-5.1,
Hisashi Iwakuma,Mariners,SP,668.5,66,-4.4,-2.4,-4.2,-1.5,-2.2,-14.6,8.6,-5.1,
Vance Worley,Reds,SP/RP,999,41,-2.7,-2.3,-5.0,-2.5,-2.1,-14.7,8.6,-5.1,
Miguel Almonte,Royals,RP,999,40,-1.3,-1.4,-4.5,-3.1,-0.5,-10.9,4.7,-5.2,
Tim Mayza,Blue Jays,RP,999,40,-1.2,-1.7,-4.5,-3.1,-0.4,-10.9,4.7,-5.2,
Tony Barnette,Rangers,RP,999,45,-1.7,-1.7,-4.4,-3.1,0.0,-10.9,4.7,-5.2,
Andrew Triggs,Athletics,SP,493.3,108,-5.7,-4.2,-2.3,-0.4,-2.2,-14.8,8.6,-5.2,
Ryan Buchter,Athletics,RP,671.3,40,-1.6,-1.4,-4.4,-3.1,-0.5,-11.0,4.7,-5.3,
Robby Scott,Red Sox,RP,999,40,-1.7,-1.2,-4.8,-3.1,-0.3,-11.0,4.7,-5.3,
Michael Kopech,White Sox,SP,317.7,83,-4.8,-5.0,-1.9,-1.0,-2.2,-14.9,8.6,-5.4,
Jhoulys Chacin,Brewers,SP,356.3,127,-6.0,-6.1,-0.9,0.3,-2.2,-14.9,8.6,-5.4,
Junior Guerra,Brewers,SP,664.8,36,-3.0,-2.5,-4.9,-2.3,-2.2,-14.9,8.6,-5.4,
George Kontos,Pirates,RP,689,40,-1.5,-1.4,-4.7,-3.1,-0.4,-11.1,4.7,-5.4,
Hansel Robles,Mets,RP,669,40,-1.7,-1.6,-4.4,-3.1,-0.3,-11.1,4.7,-5.4,
JC Ramirez,Angels,SP,542.2,112,-5.6,-4.9,-2.2,-0.1,-2.2,-15.0,8.6,-5.5,
Andres Machado,Royals,RP,999,45,-2.0,-1.5,-4.6,-3.1,0.0,-11.2,4.7,-5.5,
Cody Reed,Reds,RP,707.1,43,-0.7,-1.7,-4.2,-2.6,-2.1,-11.2,4.7,-5.5,
Edwin Jackson,Nationals,SP,999,37,-3.0,-2.5,-5.0,-2.3,-2.2,-15.1,8.6,-5.5,
Oliver Perez,,RP,999,40,-0.8,-0.8,-4.3,-3.1,-2.2,-11.2,4.7,-5.5,
Zach Duke,Twins,RP,999,45,-1.2,-2.4,-4.5,-3.1,-0.1,-11.3,4.7,-5.6,
Parker Bridwell,Angels,SP,458.4,56,-4.1,-2.5,-4.5,-1.8,-2.2,-15.1,8.6,-5.6,
Danny Farquhar,White Sox,RP,999,45,-2.0,-1.8,-4.3,-3.1,-0.1,-11.3,4.7,-5.6,
A.J. Cole,Nationals,SP,565.2,91,-5.4,-4.1,-2.5,-0.9,-2.2,-15.2,8.6,-5.6,
Brent Suter,Brewers,SP,547.5,134,-7.1,-4.8,-1.3,0.2,-2.2,-15.2,8.6,-5.6,
Matt Boyd,Tigers,SP,522,106,-6.7,-3.8,-1.9,-0.6,-2.2,-15.2,8.6,-5.7,
Trevor Cahill,,RP,569.5,65,-0.8,-2.2,-3.1,-3.1,-2.2,-11.4,4.7,-5.7,
Richard Bleier,Orioles,RP,999,55,-1.5,-2.2,-5.0,-3.1,0.3,-11.4,4.7,-5.7,
Jose Leclerc,Rangers,RP,593.3,65,-3.0,-4.6,-2.6,-3.1,1.9,-11.5,4.7,-5.8,
Colby Lewis,,SP,999,47,-4.3,-2.0,-4.8,-2.0,-2.2,-15.4,8.6,-5.8,
Ervin Santana,Twins,SP,199,153,-9.2,-5.1,0.0,1.2,-2.2,-15.4,8.6,-5.8,
Alex Wilson,Tigers,RP,671.2,65,-3.5,-2.5,-4.1,-3.1,1.5,-11.6,4.7,-5.9,
Luis Cessa,Yankees,SP,999,54,-4.2,-2.8,-4.3,-1.9,-2.2,-15.5,8.6,-5.9,
Brandon Woodruff,Brewers,SP,377.8,141,-7.9,-5.8,-0.2,0.6,-2.2,-15.5,8.6,-5.9,
T.J. McFarland,Diamondbacks,RP,999,40,-0.9,-2.2,-5.1,-3.1,-0.3,-11.7,4.7,-5.9,
Chris Bassitt,Athletics,SP,999,70,-4.4,-3.6,-3.7,-1.8,-2.1,-15.5,8.6,-6.0,
CC Sabathia,Yankees,SP,350.7,138,-7.4,-5.8,-0.6,0.5,-2.2,-15.5,8.6,-6.0,
Tyson Ross,Padres,SP,600,90,-4.1,-5.8,-2.8,-0.8,-2.2,-15.6,8.6,-6.0,
Andrew Moore,Mariners,SP,641.8,65,-5.7,-1.9,-4.1,-1.7,-2.2,-15.7,8.6,-6.1,
Brandon Finnegan,Reds,SP,442.4,116,-6.2,-6.5,-0.5,-0.2,-2.2,-15.7,8.6,-6.1,
Nick Kingham,Pirates,RP,713,38,-1.5,-1.1,-4.9,-2.4,-2.1,-11.9,4.7,-6.2,
Adalberto Mejia,Twins,SP,569.9,113,-6.6,-4.8,-1.7,-0.5,-2.2,-15.8,8.6,-6.3,
Erasmo Ramirez,Mariners,SP,465.5,126,-7.6,-4.6,-1.4,0.0,-2.2,-15.9,8.6,-6.3,
Brett Anderson,,SP,672.3,130,-4.7,-7.1,-2.1,0.3,-2.2,-15.9,8.6,-6.3,
Steven Brault,Pirates,RP,665.8,70,-2.0,-2.9,-3.3,-1.9,-2.1,-12.1,4.7,-6.3,
Julio Teheran,Braves,SP,241,179,-10.8,-6.1,1.4,1.8,-2.2,-16.0,8.6,-6.4,
Matt Bush,Rangers,RP,477.6,43,-1.9,-1.3,-4.5,-2.4,-2.1,-12.2,4.7,-6.5,
Chris Martin,Rangers,RP,699.7,40,-1.8,-2.0,-4.8,-3.1,-0.5,-12.2,4.7,-6.5,
Lance Lynn,,SP,222.7,152,-8.0,-7.1,0.2,1.0,-2.2,-16.1,8.6,-6.5,
Ubaldo Jimenez,,SP,999,141,-7.4,-6.8,0.1,0.4,-2.2,-16.1,8.6,-6.5,
Trevor Williams,Pirates,SP,457.6,109,-5.7,-5.7,-2.3,-0.3,-2.2,-16.2,8.6,-6.6,
Antonio Senzatela,Rockies,SP,652.6,73,-5.1,-4.1,-3.4,-1.4,-2.2,-16.2,8.6,-6.6,
Donnie Hart,Orioles,RP,999,45,-2.1,-2.2,-4.8,-3.1,-0.2,-12.4,4.7,-6.7,
Mike Dunn,Rockies,RP,691,45,-2.9,-2.5,-4.2,-3.1,0.3,-12.4,4.7,-6.7,
Ty Blach,Giants,SP,666,115,-5.5,-5.5,-3.2,0.1,-2.2,-16.3,8.6,-6.8,
Robert Stephenson,Reds,SP/RP,449.3,63,-4.7,-4.3,-3.4,-1.7,-2.2,-16.3,8.6,-6.8,
Jesse Hahn,Royals,SP,702.4,81,-4.5,-4.8,-3.5,-1.4,-2.1,-16.4,8.6,-6.8,
Kyle Crick,Pirates,RP,686.8,45,-2.0,-3.2,-4.2,-3.1,0.1,-12.5,4.7,-6.8,
Jackson Stephens,Reds,RP,999,47,-2.2,-1.5,-4.4,-2.4,-2.1,-12.5,4.7,-6.8,
Jacob Turner,Marlins,SP,999,98,-5.1,-5.5,-2.5,-1.3,-2.1,-16.4,8.6,-6.8,
Ariel Miranda,Mariners,SP,554.1,100,-7.3,-4.0,-2.1,-0.8,-2.2,-16.5,8.6,-6.9,
Matt Harvey,Mets,SP,360.6,135,-7.8,-5.8,-1.1,0.2,-2.2,-16.7,8.6,-7.1,
Kyle Gibson,Twins,SP,454.6,168,-7.8,-8.3,0.1,1.5,-2.2,-16.7,8.6,-7.1,
Carlos Ramirez,Blue Jays,RP,999,45,-3.0,-2.4,-4.4,-3.1,0.1,-12.8,4.7,-7.1,
Cole Hamels,Rangers,SP,235.8,201,-10.3,-9.2,2.3,2.8,-2.2,-16.8,8.6,-7.2,
Ricky Nolasco,,SP,688.9,166,-9.9,-6.0,0.2,1.1,-2.2,-16.8,8.6,-7.2,
Bartolo Colon,Rangers,SP,999,54,-5.1,-2.7,-4.9,-2.0,-2.2,-16.9,8.6,-7.3,
Jake Thompson,Phillies,SP,697.2,45,-4.4,-3.4,-4.8,-2.2,-2.2,-17.0,8.6,-7.4,
Gregory Infante,White Sox,RP,694.6,40,-2.5,-2.5,-4.5,-3.1,-0.6,-13.1,4.7,-7.4,
Steven Wright,Red Sox,SP,639,113,-7.4,-5.0,-2.2,-0.3,-2.2,-17.1,8.6,-7.5,
Drew VerHagen,Tigers,RP,999,55,-3.5,-3.3,-4.4,-3.1,1.0,-13.3,4.7,-7.5,
Jerad Eickhoff,Phillies,SP,371.5,159,-10.9,-5.4,0.6,0.8,-2.2,-17.1,8.6,-7.6,
Buck Farmer,Tigers,SP,672.5,87,-6.6,-4.1,-3.0,-1.2,-2.2,-17.2,8.6,-7.6,
Nick Martinez,,SP,999,73,-5.9,-3.6,-4.0,-1.5,-2.2,-17.2,8.6,-7.7,
Kevin McCarthy,Royals,RP,999,55,-2.9,-3.3,-4.6,-3.1,0.6,-13.4,4.7,-7.7,
Marco Estrada,Blue Jays,SP,311.4,183,-13.0,-5.6,2.1,1.5,-2.2,-17.2,8.6,-7.7,
Sandy Alcantara,Marlins,RP,537.1,38,-1.8,-2.4,-4.8,-2.4,-2.1,-13.4,4.7,-7.7,
Jason Hammel,Royals,SP,537.5,137,-9.8,-4.4,-0.9,0.1,-2.2,-17.3,8.6,-7.7,
Daniel Mengden,Athletics,SP,409.7,129,-7.9,-6.2,-1.2,0.1,-2.2,-17.4,8.6,-7.8,
Chad Bell,Tigers,RP,999,43,-2.0,-2.2,-4.7,-2.7,-2.1,-13.6,4.7,-7.9,
Warwick Saupold,Tigers,RP,999,55,-3.4,-3.1,-4.4,-3.1,0.4,-13.6,4.7,-7.9,
Jordan Lyles,Padres,SP,707,106,-6.2,-6.2,-2.5,-0.5,-2.2,-17.6,8.6,-8.1,
Homer Bailey,Reds,SP,529.1,138,-8.4,-6.6,-0.9,0.3,-2.2,-17.7,8.6,-8.2,
Travis Wood,Tigers,SP/RP,999,35,-4.4,-3.2,-5.4,-2.6,-2.2,-17.8,8.6,-8.2,
Zach Davies,Brewers,SP,297.5,176,-9.6,-7.9,0.1,1.7,-2.2,-17.8,8.6,-8.3,
Mike Wright,Orioles,SP,999,73,-6.7,-4.0,-3.7,-1.6,-2.2,-18.3,8.6,-8.7,
Dylan Bundy,Orioles,SP,191.3,175,-12.8,-6.1,1.6,1.3,-2.2,-18.3,8.6,-8.7,
Connor Sadzeck,Rangers,RP,999,43,-2.6,-2.7,-4.5,-2.7,-2.1,-14.5,4.7,-8.8,
Ben Lively,Phillies,SP,607.1,93,-8.4,-4.0,-2.9,-1.0,-2.2,-18.6,8.6,-9.0,
Odrisamer Despaigne,Marlins,SP,712.3,110,-7.0,-6.9,-2.7,-0.4,-2.2,-19.2,8.6,-9.7,
Mike Pelfrey,,RP,999,55,-2.8,-2.8,-4.5,-3.1,-2.2,-15.4,4.7,-9.7,
Phil Hughes,Twins,SP,999,91,-8.9,-3.4,-3.5,-1.3,-2.2,-19.3,8.6,-9.8,
A.J. Griffin,,SP,999,88,-8.8,-4.1,-2.8,-1.5,-2.2,-19.4,8.6,-9.8,
Reynaldo Lopez,White Sox,SP,372.4,120,-9.6,-6.2,-1.1,-0.4,-2.2,-19.5,8.6,-9.9,
Daniel Norris,Tigers,SP,455.2,167,-10.1,-9.3,0.9,1.1,-2.2,-19.5,8.6,-10.0,
Michael Kelly,Orioles,RP,999,38,-3.5,-2.7,-4.9,-2.5,-2.1,-15.7,4.7,-10.0,
Braden Shipley,Diamondbacks,SP,999,73,-6.9,-5.0,-3.9,-1.6,-2.2,-19.6,8.6,-10.1,
Shawn Morimando,Indians,RP,999,62,-4.2,-3.3,-4.0,-2.3,-2.0,-15.8,4.7,-10.1,
Ian Kennedy,Royals,SP,455.9,158,-12.2,-6.5,0.6,0.6,-2.2,-19.7,8.6,-10.1,
Jake Odorizzi,Twins,SP,274.9,162,-12.4,-6.5,0.7,0.5,-2.2,-19.8,8.6,-10.3,
Mike Fiers,Tigers,SP,526.8,145,-11.1,-6.5,-0.4,0.2,-2.2,-20.1,8.6,-10.5,
Kendall Graveman,Athletics,SP,484.6,160,-9.7,-8.2,-1.0,1.0,-2.2,-20.1,8.6,-10.5,
David Holmberg,,RP,999,55,-3.6,-3.1,-4.6,-3.1,-2.2,-16.5,4.7,-10.8,
Jeff Hoffman,Rockies,SP,602.7,109,-9.2,-7.0,-1.7,-0.7,-2.2,-20.8,8.6,-11.2,
Kyle Freeland,Rockies,SP,544,127,-8.3,-8.3,-1.8,-0.4,-2.0,-20.8,8.6,-11.3,
Paul Blackburn,Athletics,SP,684.8,111,-7.9,-7.5,-3.2,-0.4,-2.2,-21.2,8.6,-11.7,
Lucas Giolito,White Sox,SP,231.4,143,-10.3,-9.4,0.0,0.5,-2.2,-21.4,8.6,-11.9,
Jose Urena,Marlins,SP,418.4,169,-10.9,-9.5,-0.1,1.1,-2.2,-21.6,8.6,-12.0,
Martin Perez,Rangers,SP,637.7,135,-8.5,-9.3,-2.1,0.5,-2.2,-21.7,8.6,-12.1,
Doug Fister,Rangers,SP,553.2,168,-11.2,-9.6,0.1,1.1,-2.2,-21.8,8.6,-12.3,
Adam Conley,Marlins,SP,660.2,144,-10.3,-8.7,-1.1,0.2,-2.2,-22.2,8.6,-12.6,
Jeremy Hellickson,,SP,630.2,128,-11.7,-6.0,-2.1,-0.4,-2.2,-22.5,8.6,-12.9,
Miguel Castro,Orioles,RP,638.9,46,-5.6,-4.7,-5.0,-2.3,-2.2,-19.9,4.7,-14.2,
Jordan Zimmermann,Tigers,SP,599.8,168,-14.5,-7.0,-0.9,0.7,-2.2,-24.0,8.6,-14.4,
Gabriel Ynoa,Orioles,SP,641.5,108,-11.5,-6.5,-3.1,-1.1,-2.2,-24.4,8.6,-14.8,
Henderson Alvarez,,SP,999,165,-11.5,-9.9,-1.6,0.8,-2.2,-24.4,8.6,-14.8,
Chad Bettis,Rockies,SP,645.3,143,-12.0,-9.4,-1.4,0.3,-2.2,-24.7,8.6,-15.2,
Matt Moore,Rangers,SP,453.1,157,-13.9,-9.4,-0.2,0.3,-2.2,-25.5,8.6,-15.9,
Chris Tillman,Orioles,SP,671.3,114,-12.9,-9.5,-2.5,-1.2,-2.2,-28.3,8.6,-18.7,
Andrew Cashner,Orioles,SP,534,140,-13.6,-10.7,-1.8,-0.1,-2.2,-28.4,8.6,-18.9,
Miguel Gonzalez,White Sox,SP,679.5,163,-16.8,-9.6,-0.7,0.4,-2.2,-28.9,8.6,-19.4,
James Shields,White Sox,SP,616.8,164,-17.0,-11.4,0.3,0.4,-2.2,-29.8,8.6,-20.3,
Carson Fulmer,White Sox,SP,499.3,115,-14.2,-12.4,-1.9,-1.2,-2.2,-31.9,8.6,-22.4,
