PlayerName,Team,POS,Salary
"Trout, Mike",LAA,"OF,UT",3280000
"Scherzer, Max",WAS,SP,3270000
"Sale, Chris",BOS,SP,3250000
"Goldschmidt, Paul",ARI,"1B,UT",3240000
"Kershaw, Clayton",LAD,SP,3240000
"Kluber, Corey",CLE,SP,3180000
"Blackmon, Charlie",COL,"OF,UT",3110000
"Altuve, Jose",HOU,"2B,UT",3100000
"Arenado, Nolan",COL,"3B,UT",3090000
"Votto, Joey",CIN,"1B,UT",3030000
"Bumgarner, Madison",SF,SP,3020000
"Rizzo, Anthony",CHC,"1B,UT",2970000
"Jansen, Kenley",LAD,RP,2960000
"Stanton, Giancarlo",NYY,"OF,UT",2930000
"Betts, Mookie",BOS,"OF,UT",2890000
"Harper, Bryce",WAS,"OF,UT",2850000
"Judge, Aaron",NYY,"OF,UT",2840000
"Freeman, Freddie",ATL,"1B,UT",2820000
"Bryant, Kris",CHC,"3B,UT",2810000
"Greinke, Zack",ARI,SP,2810000
"Abreu, Jose",CHW,"1B,UT",2780000
"Dozier, Brian",MIN,"2B,UT",2770000
"Cruz, Nelson",SEA,"OF,UT",2760000
"Encarnacion, Edwin",CLE,"1B,UT",2740000
"Kimbrel, Craig",BOS,RP,2740000
"Verlander, Justin",HOU,SP,2740000
"Archer, Chris",TB,SP,2730000
"Springer, George",HOU,"OF,UT",2720000
"deGrom, Jacob",NYM,SP,2700000
"Carrasco, Carlos",CLE,SP,2680000
"Strasburg, Stephen",WAS,SP,2650000
"Upton, Justin",LAA,"OF,UT",2650000
"Martinez, J.D.",,"OF,UT",2630000
"Machado, Manny",BAL,"3B,UT",2600000
"Martinez, Carlos",STL,SP,2600000
"Yelich, Christian",MIL,"OF,UT",2590000
"Donaldson, Josh",TOR,"3B,UT",2580000
"Ozuna, Marcell",STL,"OF,UT",2570000
"Lester, Jon",CHC,SP,2560000
"Chapman, Aroldis",NYY,RP,2550000
"Bauer, Trevor",CLE,SP,2520000
"Davis, Khris",OAK,"OF,UT",2520000
"Colome, Alex",TB,RP,2510000
"Hosmer, Eric",,"1B,UT",2510000
"Lindor, Francisco",CLE,"SS,UT",2510000
"Arrieta, Jake",,SP,2500000
"Bellinger, Cody",LAD,"1B,UT",2490000
"Gonzalez, Gio",WAS,SP,2490000
"Correa, Carlos",HOU,"SS,UT",2460000
"Ramirez, Jose",CLE,"3B,UT",2460000
"Severino, Luis",NYY,SP,2460000
"McCutchen, Andrew",SF,"OF,UT",2450000
"Price, David",BOS,SP,2450000
"Turner, Trea",WAS,"SS,UT",2440000
"Osuna, Roberto",TOR,RP,2430000
"Ray, Robbie",ARI,SP,2430000
"Cole, Gerrit",HOU,SP,2420000
"Knebel, Corey",MIL,RP,2420000
"Darvish, Yu",CHC,SP,2410000
"Murphy, Daniel",WAS,"2B,UT",2410000
"Holland, Greg",,RP,2400000
"Quintana, Jose",CHC,SP,2400000
"Cano, Robinson",SEA,"2B,UT",2390000
"Cespedes, Yoenis",NYM,"OF,UT",2390000
"Davis, Wade",COL,RP,2390000
"Tanaka, Masahiro",NYY,SP,2390000
"Santana, Carlos",PHI,"1B,UT",2380000
"Diaz, Edwin",SEA,RP,2370000
"Porcello, Rick",BOS,SP,2370000
"Gardner, Brett",NYY,"OF,UT",2360000
"Schoop, Jonathan",BAL,"2B,UT",2360000
"Britton, Zach",BAL,RP,2350000
"Seager, Corey",LAD,"SS,UT",2350000
"Hamels, Cole",TEX,SP,2340000
"Myers, Wil",SD,"1B,UT",2320000
"Jones, Adam",BAL,"OF,UT",2310000
"Keuchel, Dallas",HOU,SP,2310000
"Cabrera, Miguel",DET,"1B,UT",2300000
"Giles, Ken",HOU,RP,2300000
"Pollock, A.J.",ARI,"OF,UT",2300000
"Santana, Ervin",MIN,SP,2300000
"Seager, Kyle",SEA,"3B,UT",2300000
"Cueto, Johnny",SF,SP,2290000
"Allen, Cody",CLE,RP,2280000
"Samardzija, Jeff",SF,SP,2280000
"Bruce, Jay",NYM,"OF,UT",2270000
"Rodney, Fernando",MIN,RP,2270000
"Iglesias, Raisel",CIN,RP,2250000
"Marte, Starling",PIT,"OF,UT",2250000
"Braun, Ryan",MIL,"OF,UT",2240000
"Pomeranz, Drew",BOS,SP,2240000
"Andrus, Elvis",TEX,"SS,UT",2220000
"Lamb, Jake",ARI,"3B,UT",2220000
"Gordon, Dee",SEA,"OF,UT",2210000
"Kinsler, Ian",LAA,"2B,UT",2210000
"Bautista, Jose",,"OF,UT",2200000
"Nelson, Jimmy",MIL,SP,2200000
"Rendon, Anthony",WAS,"3B,UT",2180000
"Bogaerts, Xander",BOS,"SS,UT",2170000
"Carpenter, Matt",STL,"1B,UT",2170000
"Stroman, Marcus",TOR,SP,2170000
"Neris, Hector",PHI,RP,2160000
"Benintendi, Andrew",BOS,"OF,UT",2120000
"Roark, Tanner",WAS,SP,2120000
"Cain, Lorenzo",MIL,"OF,UT",2100000
"Castellanos, Nicholas",DET,"OF,UT",2090000
"Melancon, Mark",SF,RP,2090000
"Zimmerman, Ryan",WAS,"1B,UT",2090000
"Corbin, Patrick",ARI,SP,2080000
"Duvall, Adam",CIN,"OF,UT",2070000
"Odor, Rougned",TEX,"2B,UT",2070000
"Rivero, Felipe",PIT,RP,2070000
"Gonzalez, Carlos",,"OF,UT",2060000
"Lackey, John",,SP,2060000
"Desmond, Ian",COL,"1B,UT",2050000
"Familia, Jeurys",NYM,RP,2050000
"Gausman, Kevin",BAL,SP,2050000
"Longoria, Evan",SF,"3B,UT",2050000
"Hamilton, Billy",CIN,"OF,UT",2040000
"Ramos, AJ",NYM,RP,2040000
"Estrada, Marco",TOR,SP,2030000
"Posey, Buster",SF,"C,UT",2030000
"Segura, Jean",SEA,"SS,UT",2030000
"Trumbo, Mark",BAL,"OF,UT",2030000
"Sanchez, Gary",NYY,"C,UT",2020000
"Wood, Alex",LAD,SP,2020000
"Davies, Zach",MIL,SP,2010000
"Hand, Brad",SD,RP,2010000
"Inciarte, Ender",ATL,"OF,UT",2010000
"Santana, Domingo",MIL,"OF,UT",2000000
"Teheran, Julio",ATL,SP,2000000
"Turner, Justin",LAD,"3B,UT",2000000
"Nola, Aaron",PHI,SP,1990000
"Puig, Yasiel",LAD,"OF,UT",1990000
"Gregorius, Didi",NYY,"SS,UT",1980000
"Herrera, Kelvin",KC,RP,1980000
"Lynn, Lance",,SP,1980000
"Souza Jr., Steven",TB,"OF,UT",1980000
"Bundy, Dylan",BAL,SP,1970000
"Garcia, Avisail",CHW,"OF,UT",1960000
"LeMahieu, DJ",COL,"2B,UT",1960000
"Maeda, Kenta",LAD,SP,1960000
"Pujols, Albert",LAA,"1B,UT",1960000
"Pham, Tommy",STL,"OF,UT",1950000
"Robertson, David",NYY,RP,1950000
"Salazar, Danny",CLE,SP,1950000
"Cabrera, Melky",,"OF,UT",1940000
"Davis, Chris",BAL,"1B,UT",1940000
"Gray, Sonny",NYY,SP,1940000
"Johnson, Jim",LAA,RP,1940000
"Merrifield, Whit",KC,"2B,UT",1940000
"Brach, Brad",BAL,RP,1930000
"Hendricks, Kyle",CHC,SP,1930000
"Markakis, Nick",ATL,"OF,UT",1930000
"Bradley, Archie",ARI,RP,1920000
"Happ, J.A.",TOR,SP,1920000
"Polanco, Gregory",PIT,"OF,UT",1920000
"Story, Trevor",COL,"SS,UT",1920000
"Bregman, Alex",HOU,"3B,UT",1910000
"Dyson, Sam",SF,RP,1910000
"Herrera, Odubel",PHI,"OF,UT",1910000
"Hill, Rich",LAD,SP,1910000
"Syndergaard, Noah",NYM,SP,1910000
"Betances, Dellin",NYY,RP,1900000
"Choo, Shin-soo",TEX,"OF,UT",1900000
"Hernandez, Felix",SEA,SP,1900000
"Dickerson, Corey",TB,"OF,UT",1890000
"Duffy, Danny",KC,SP,1890000
"Greene, Shane",DET,RP,1890000
"Morales, Kendrys",TOR,"1B,UT",1890000
"Gregerson, Luke",STL,RP,1880000
"Rosario, Eddie",MIN,"OF,UT",1880000
"Straily, Dan",MIA,SP,1880000
"Doolittle, Sean",WAS,RP,1870000
"Eaton, Adam",WAS,"OF,UT",1870000
"Kennedy, Ian",KC,SP,1870000
"Bradley Jr., Jackie",BOS,"OF,UT",1860000
"Morrow, Brandon",CHC,RP,1860000
"DeJong, Paul",STL,"SS,UT",1850000
"Kemp, Matt",LAD,"OF,UT",1850000
"Lyons, Tyler",STL,RP,1850000
"Miller, Andrew",CLE,RP,1850000
"Wacha, Michael",STL,SP,1850000
"Claudio, Alex",TEX,RP,1840000
"Leake, Mike",SEA,SP,1840000
"Shaw, Travis",MIL,"3B,UT",1840000
"Kipnis, Jason",CLE,"2B,UT",1830000
"Mazara, Nomar",TEX,"OF,UT",1830000
"Odorizzi, Jake",MIN,SP,1830000
"Smoak, Justin",TOR,"1B,UT",1830000
"Treinen, Blake",OAK,RP,1830000
"Parker, Blake",LAA,RP,1820000
"Reddick, Josh",HOU,"OF,UT",1820000
"Walker, Taijuan",ARI,SP,1820000
"Anderson, Chase",MIL,SP,1810000
"Calhoun, Kole",LAA,"OF,UT",1810000
"Vizcaino, Arodys",ATL,RP,1810000
"Fowler, Dexter",STL,"OF,UT",1800000
"Minaya, Juan",CHW,RP,1800000
"Ohtani, Shohei",LAA,SP,1800000
"Gonzalez, Marwin",HOU,"OF,UT",1790000
"Paxton, James",SEA,SP,1790000
"Ziegler, Brad",MIA,RP,1790000
"Belt, Brandon",SF,"1B,UT",1780000
"Gibson, Kyle",MIN,SP,1780000
"Reed, Addison",MIN,RP,1780000
"Dickey, R.A.",,SP,1770000
"Edwards Jr., Carl",CHC,RP,1770000
"Moustakas, Mike",,"3B,UT",1770000
"Taylor, Chris",LAD,"OF,UT",1770000
"Boxberger, Brad",ARI,RP,1760000
"Peralta, David",ARI,"OF,UT",1760000
"Shields, James",CHW,SP,1760000
"Strop, Pedro",CHC,RP,1760000
"Casilla, Santiago",OAK,RP,1750000
"Hammel, Jason",KC,SP,1750000
"Ramirez, Hanley",BOS,"1B,UT",1750000
"Bush, Matt",TEX,RP,1740000
"Cozart, Zack",LAA,"3B,UT",1740000
"Hoskins, Rhys",PHI,"OF,UT",1740000
"Maurer, Brandon",KC,RP,1740000
"Simmons, Andrelton",LAA,"SS,UT",1740000
"Zimmermann, Jordan",DET,SP,1740000
"Bell, Josh",PIT,"1B,UT",1730000
"Kintzler, Brandon",WAS,RP,1730000
"Moore, Matt",TEX,SP,1730000
"Span, Denard",TB,"OF,UT",1730000
"Ellsbury, Jacoby",NYY,"OF,UT",1720000
"Fields, Josh",LAD,RP,1720000
"Fulmer, Michael",DET,SP,1720000
"Musgrove, Joe",PIT,RP,1720000
"Suarez, Eugenio",CIN,"3B,UT",1720000
"Barnes, Jacob",MIL,RP,1710000
"Gallo, Joey",TEX,"1B,UT",1710000
"Hernandez, Cesar",PHI,"2B,UT",1710000
"McGee, Jake",COL,RP,1710000
"Pillar, Kevin",TOR,"OF,UT",1710000
"Pineda, Michael",MIN,SP,1710000
"Rondon, Hector",HOU,RP,1710000
"Bedrosian, Cam",LAA,RP,1700000
"Foltynewicz, Mike",ATL,SP,1700000
"Frazier, Todd",NYM,"3B,UT",1700000
"Lorenzen, Michael",CIN,RP,1700000
"Schwarber, Kyle",CHC,"OF,UT",1700000
"Baez, Pedro",LAD,RP,1690000
"Chacin, Jhoulys",MIL,SP,1690000
"Devenski, Chris",HOU,RP,1690000
"Gomez, Carlos",,"OF,UT",1690000
"Hendriks, Liam",OAK,RP,1690000
"Jennings, Dan",TB,RP,1690000
"Kelly, Joe",BOS,RP,1690000
"Mancini, Trey",BAL,"OF,UT",1690000
"Morton, Charlie",HOU,SP,1690000
"Realmuto, J.T.",MIA,"C,UT",1690000
"Conforto, Michael",NYM,"OF,UT",1680000
"Hellickson, Jeremy",,SP,1680000
"Madson, Ryan",WAS,RP,1680000
"Nicasio, Juan",SEA,RP,1680000
"Nova, Ivan",PIT,SP,1680000
"Perez, Martin",TEX,SP,1680000
"Sano, Miguel",MIN,"3B,UT",1680000
"Wilson, Alex",DET,RP,1680000
"Barraclough, Kyle",MIA,RP,1670000
"Berrios, Jose",MIN,SP,1670000
"Gray, Jon",COL,SP,1670000
"Healy, Ryon",SEA,"1B,UT",1670000
"Joyce, Matt",OAK,"OF,UT",1670000
"Kontos, George",PIT,RP,1670000
"Neshek, Pat",PHI,RP,1670000
"Shaw, Bryan",COL,RP,1670000
"Cabrera, Asdrubal",NYM,"3B,UT",1660000
"Infante, Gregory",CHW,RP,1660000
"Kiermaier, Kevin",TB,"OF,UT",1660000
"Manaea, Sean",OAK,SP,1660000
"Miley, Wade",MIL,SP,1660000
"Ramirez, Jose",ATL,RP,1660000
"Soria, Joakim",CHW,RP,1660000
"Yates, Kirby",SD,RP,1660000
"Franco, Maikel",PHI,"3B,UT",1650000
"Galvis, Freddy",SD,"SS,UT",1650000
"Glover, Koda",WAS,RP,1650000
"Kittredge, Andrew",TB,RP,1650000
"Koehler, Tom",LAD,RP,1650000
"Lowrie, Jed",OAK,"2B,UT",1650000
"Olson, Matt",OAK,"1B,UT",1650000
"Parra, Gerardo",COL,"OF,UT",1650000
"Rodriguez, Eduardo",BOS,SP,1650000
"Tepera, Ryan",TOR,RP,1650000
"Wainwright, Adam",STL,SP,1650000
"Wilson, Justin",CHC,RP,1650000
"Cashner, Andrew",BAL,SP,1640000
"Hatcher, Chris",OAK,RP,1640000
"Heyward, Jason",CHC,"OF,UT",1640000
"Hildenberger, Trevor",MIN,RP,1640000
"Hudson, Daniel",PIT,RP,1640000
"Nolasco, Ricky",,SP,1640000
"Pence, Hunter",SF,"OF,UT",1640000
"Brantley, Michael",CLE,"OF,UT",1630000
"Crawford, Brandon",SF,"SS,UT",1630000
"Gennett, Scooter",CIN,"2B,UT",1630000
"McHugh, Collin",HOU,SP,1630000
"Nunez, Eduardo",,"3B,UT",1630000
"O'Day, Darren",BAL,RP,1630000
"Sabathia, CC",NYY,SP,1630000
"Tomlin, Josh",CLE,SP,1630000
"Vargas, Jason",,SP,1630000
"Baez, Javier",CHC,"2B,UT",1620000
"Beltre, Adrian",TEX,"3B,UT",1620000
"Buxton, Byron",MIN,"OF,UT",1620000
"Diekman, Jake",TEX,RP,1620000
"Fiers, Mike",DET,SP,1620000
"Ottavino, Adam",COL,RP,1620000
"Barnes, Matt",BOS,RP,1610000
"Contreras, Willson",CHC,"C,UT",1610000
"Perdomo, Luis",SD,SP,1610000
"Piscotty, Stephen",OAK,"OF,UT",1610000
"Russell, Addison",CHC,"SS,UT",1610000
"Capps, Carter",SD,RP,1600000
"Clippard, Tyler",,RP,1600000
"Colon, Bartolo",TEX,SP,1600000
"De La Rosa, Jorge",ARI,RP,1600000
"Headley, Chase",SD,"3B,UT",1600000
"Morrison, Logan",,"1B,UT",1600000
"Pederson, Joc",LAD,"OF,UT",1600000
"Pelfrey, Mike",,RP,1600000
"Perez, Salvador",KC,"C,UT",1600000
"Phillips, Brandon",,"2B,UT",1600000
"Storen, Drew",,RP,1600000
"Watson, Tony",SF,RP,1600000
"Anderson, Tim",CHW,"SS,UT",1590000
"Eickhoff, Jerad",PHI,SP,1590000
"Kela, Keone",TEX,RP,1590000
"Maybin, Cameron",,"OF,UT",1590000
"Zobrist, Ben",CHC,"2B,UT",1590000
"Harrison, Josh",PIT,"2B,UT",1580000
"McCullers Jr., Lance",HOU,SP,1580000
"Minter, A.J.",ATL,RP,1580000
"Molina, Yadier",STL,"C,UT",1580000
"Strickland, Hunter",SF,RP,1580000
"Thornburg, Tyler",BOS,RP,1580000
"Cobb, Alex",,SP,1570000
"Kepler, Max",MIN,"OF,UT",1570000
"Pedroia, Dustin",BOS,"2B,UT",1570000
"Vincent, Nick",SEA,RP,1570000
"Bowman, Matt",STL,RP,1560000
"Hader, Josh",MIL,RP,1560000
"Jones, Nate",CHW,RP,1560000
"Pressly, Ryan",MIN,RP,1560000
"Thames, Eric",MIL,"1B,UT",1560000
"Tomas, Yasmany",ARI,"OF,UT",1560000
"Volquez, Edinson",TEX,SP,1560000
"Chafin, Andrew",ARI,RP,1550000
"Garcia, Luis",PHI,RP,1550000
"Grichuk, Randal",TOR,"OF,UT",1550000
"Hirano, Yoshihisa",ARI,RP,1550000
"Kelley, Shawn",WAS,RP,1550000
"Leone, Dominic",STL,RP,1550000
"Oh, Seung Hwan",,RP,1550000
"Ramirez, Erasmo",SEA,SP,1550000
"Rogers, Taylor",MIN,RP,1550000
"Sherfy, Jimmie",ARI,RP,1550000
"Steckenrider, Drew",MIA,RP,1550000
"Tulowitzki, Troy",TOR,"SS,UT",1550000
"Beckham, Tim",BAL,"SS,UT",1540000
"Bummer, Aaron",CHW,RP,1540000
"Castro, Starlin",MIA,"2B,UT",1540000
"Freeman, Sam",ATL,RP,1540000
"Gonzalez, Miguel",CHW,SP,1540000
"Goody, Nick",CLE,RP,1540000
"Gordon, Alex",KC,"OF,UT",1540000
"Middleton, Keynan",LAA,RP,1540000
"Peralta, Wandy",CIN,RP,1540000
"Swarzak, Anthony",NYM,RP,1540000
"Escobar, Eduardo",MIN,"3B,UT",1530000
"Farquhar, Danny",CHW,RP,1530000
"Gattis, Evan",HOU,"C,UT",1530000
"Godley, Zack",ARI,SP,1530000
"Panik, Joe",SF,"2B,UT",1530000
"Alexander, Scott",LAD,RP,1520000
"Grandal, Yasmani",LAD,"C,UT",1520000
"Gurriel, Yuli",HOU,"1B,UT",1520000
"Perez, Hernan",MIL,"OF,UT",1520000
"Richards, Garrett",LAA,SP,1520000
"Schebler, Scott",CIN,"OF,UT",1520000
"Solarte, Yangervis",TOR,"2B,UT",1520000
"Bour, Justin",MIA,"1B,UT",1510000
"Freese, David",PIT,"3B,UT",1510000
"Kuhl, Chad",PIT,SP,1510000
"Otero, Dan",CLE,RP,1510000
"Richard, Clayton",SD,SP,1510000
"Taylor, Michael A.",WAS,"OF,UT",1510000
"VerHagen, Drew",DET,RP,1510000
"Cishek, Steve",CHC,RP,1500000
"Dahl, David",COL,"OF,UT",1500000
"Duffey, Tyler",MIN,RP,1500000
"Grilli, Jason",,RP,1500000
"Harvey, Matt",NYM,SP,1500000
"Jeffress, Jeremy",MIL,RP,1500000
"Jimenez, Joe",DET,RP,1500000
"Liriano, Francisco",,RP,1500000
"Martinez, Victor",DET,"1B,UT",1500000
"Maton, Phil",SD,RP,1500000
"Petit, Yusmeiro",OAK,RP,1500000
"Rusin, Chris",COL,RP,1500000
"Uehara, Koji",,RP,1500000
"Bird, Greg",NYY,"1B,UT",1490000
"Givens, Mychal",BAL,RP,1490000
"Granderson, Curtis",TOR,"OF,UT",1490000
"Smith, Joe",HOU,RP,1490000
"Urena, Jose",MIA,SP,1490000
"Devers, Rafael",BOS,"3B,UT",1480000
"Jimenez, Ubaldo",,SP,1480000
"Miranda, Ariel",SEA,SP,1480000
"Phelps, David",SEA,RP,1480000
"Polanco, Jorge",MIN,"SS,UT",1480000
"Smith, Carson",BOS,RP,1480000
"Villar, Jonathan",MIL,"2B,UT",1480000
"Moreland, Mitch",BOS,"1B,UT",1470000
"Ramirez, J.C.",LAA,SP,1470000
"Taillon, Jameson",PIT,SP,1470000
"Workman, Brandon",BOS,RP,1470000
"Zunino, Mike",SEA,"C,UT",1470000
"Clevinger, Mike",CLE,SP,1460000
"Garcia, Jaime",TOR,SP,1460000
"Holliday, Matt",,"OF,UT",1460000
"Sanchez, Anibal",,SP,1460000
"Semien, Marcus",OAK,"SS,UT",1460000
"Drake, Oliver",MIL,RP,1450000
"Gamel, Ben",SEA,"OF,UT",1450000
"Green, Chad",NYY,RP,1450000
"Loup, Aaron",TOR,RP,1450000
"Lucroy, Jonathan",,"C,UT",1450000
"Marquez, German",COL,SP,1450000
"Mauer, Joe",MIN,"1B,UT",1450000
"Moncada, Yoan",CHW,"2B,UT",1450000
"Montgomery, Jordan",NYY,SP,1450000
"Rodriguez, Francisco",PHI,RP,1450000
"Busenitz, Alan",MIN,RP,1440000
"Cecil, Brett",STL,RP,1440000
"Cingrani, Tony",LAD,RP,1440000
"Gearrin, Cory",SF,RP,1440000
"McCann, Brian",HOU,"C,UT",1440000
"Peacock, Brad",HOU,SP,1440000
"Reininger, Zac",DET,RP,1440000
"Reynolds, Mark",,"1B,UT",1440000
"Snell, Blake",TB,SP,1440000
"Arcia, Orlando",MIL,"SS,UT",1430000
"Broxton, Keon",MIL,"OF,UT",1430000
"Chavez, Jesse",,SP,1430000
"Dull, Ryan",OAK,RP,1430000
"Ramos, Edubray",PHI,RP,1430000
"Shackelford, Kevin",CIN,RP,1430000
"Stumpf, Daniel",DET,RP,1430000
"Tillman, Chris",,SP,1430000
"Alonso, Yonder",CLE,"1B,UT",1420000
"Blevins, Jerry",NYM,RP,1420000
"Castillo, Welington",CHW,"C,UT",1420000
"Freeland, Kyle",COL,SP,1420000
"Garcia, Yimi",LAD,RP,1420000
"Gyorko, Jedd",STL,"3B,UT",1420000
"Hicks, Aaron",NYY,"OF,UT",1420000
"Hughes, Jared",CIN,RP,1420000
"Kahnle, Tommy",NYY,RP,1420000
"Renfroe, Hunter",SD,"OF,UT",1420000
"Rodon, Carlos",CHW,SP,1420000
"Tazawa, Junichi",MIA,RP,1420000
"Chatwood, Tyler",CHC,SP,1410000
"Dunn, Mike",COL,RP,1410000
"Ellington, Brian",MIA,RP,1410000
"Forsythe, Logan",LAD,"2B,UT",1410000
"Haniger, Mitch",SEA,"OF,UT",1410000
"Hernandez, Ariel",CIN,RP,1410000
"Joseph, Tommy",PHI,"1B,UT",1410000
"McAllister, Zach",CLE,RP,1410000
"Mercer, Jordy",PIT,"SS,UT",1410000
"Torres, Jose M.",SD,RP,1410000
"Winkler, Dan",ATL,RP,1410000
"Bailey, Andrew",,RP,1400000
"Barnes, Danny",TOR,RP,1400000
"Buchter, Ryan",OAK,RP,1400000
"Burns, Tanner",NYY,SP,1400000
"Butler, Joey",WAS,"OF,UT",1400000
"Choice, Michael",,"OF,UT",1400000
"Cotham, Caleb",CIN,RP,1400000
"Coulombe, Daniel",OAK,RP,1400000
"Davis, Taylor",CHC,"3B,UT",1400000
"Delabar, Steve",TEX,RP,1400000
"Delgado, Randall",ARI,RP,1400000
"Dosch, Drew",BAL,"3B,UT",1400000
"Duenez, Samir",KC,"1B,UT",1400000
"Garcia, Jarlin",MIA,RP,1400000
"Hardy, Blaine",DET,RP,1400000
"Harris, Will",HOU,RP,1400000
"Leclerc, Jose",TEX,RP,1400000
"Lee, Dae-Ho",SEA,"1B,UT",1400000
"Milner, Hoby",PHI,RP,1400000
"Morales, Franklin",,SP,1400000
"Negron, Kristopher",ARI,"OF,UT",1400000
"Neverauskas, Dovydas",PIT,RP,1400000
"Nola, Austin",MIA,"C,UT",1400000
"Okert, Steven",SF,RP,1400000
"Olson, Tyler",CLE,RP,1400000
"Pagan, Emilio",OAK,RP,1400000
"Roe, Chaz",TB,RP,1400000
"Romero, Enny",WAS,RP,1400000
"Rosenthal, Trevor",,RP,1400000
"Santana, Edgar",PIT,RP,1400000
"Schugel, A.J.",PIT,RP,1400000
"Sewald, Paul",NYM,RP,1400000
"Shaw, Chris",SF,"OF,UT",1400000
"Stanek, Ryne",TB,RP,1400000
"Vieira, Thyago",CHW,RP,1400000
"Wada, Tsuyoshi",CHC,SP,1400000
"Wood, Blake",LAA,RP,1400000
"Young, Chris",SD,SP,1400000
"Ramos, Wilson",TB,"C,UT",1390000
"Sanchez, Aaron",TOR,SP,1390000
"Sanchez, Yolmer",CHW,"3B,UT",1390000
"Valbuena, Luis",LAA,"1B,UT",1390000
"Werth, Jayson",,"OF,UT",1390000
"Wong, Kolten",STL,"2B,UT",1390000
"Altherr, Aaron",PHI,"OF,UT",1380000
"Iglesias, Jose",DET,"SS,UT",1380000
"Martin, Russell",TOR,"C,UT",1380000
"Santiago, Hector",CHW,SP,1380000
"Shoemaker, Matt",LAA,SP,1380000
"Valencia, Danny",,"1B,UT",1380000
"DeShields, Delino",TEX,"OF,UT",1370000
"Drury, Brandon",ARI,"2B,UT",1370000
"Miller, Brad",TB,"1B,UT",1370000
"Montgomery, Mike",CHC,SP,1370000
"Chen, Wei-Yin",MIA,SP,1360000
"Davidson, Matt",CHW,"3B,UT",1360000
"DeSclafani, Anthony",CIN,SP,1360000
"Escobar, Alcides",KC,"SS,UT",1360000
"Graveman, Kendall",OAK,SP,1360000
"Lamet, Dinelson",SD,SP,1360000
"Margot, Manuel",SD,"OF,UT",1360000
"Norris, Bud",STL,RP,1360000
"Frazier, Adam",PIT,"OF,UT",1350000
"Gallardo, Yovani",MIL,SP,1350000
"Iwakuma, Hisashi",SEA,SP,1350000
"Matz, Steven",NYM,SP,1350000
"Napoli, Mike",,"1B,UT",1350000
"Vogt, Stephen",MIL,"C,UT",1350000
"Biagini, Joe",TOR,SP,1340000
"Chisenhall, Lonnie",CLE,"OF,UT",1340000
"Senzatela, Antonio",COL,SP,1340000
"Anderson, Tyler",COL,SP,1330000
"Conley, Adam",MIA,SP,1330000
"Cotton, Jharel",OAK,SP,1330000
"Owings, Chris",ARI,"SS,UT",1330000
"Duda, Lucas",,"1B,UT",1320000
"Dyson, Jarrod",,"OF,UT",1320000
"Fister, Doug",TEX,SP,1320000
"Garza, Matt",,SP,1320000
"Gsellman, Robert",NYM,SP,1320000
"Lugo, Seth",NYM,SP,1320000
"Walker, Neil",,"2B,UT",1320000
"Wieters, Matt",WAS,"C,UT",1320000
"Bettis, Chad",COL,SP,1310000
"Castro, Jason",MIN,"C,UT",1310000
"Davis, Rajai",CLE,"OF,UT",1310000
"Giolito, Lucas",CHW,SP,1310000
"Peraza, Jose",CIN,"SS,UT",1310000
"Spangenberg, Cory",SD,"3B,UT",1310000
"Velasquez, Vince",PHI,SP,1310000
"Kazmir, Scott",ATL,SP,1300000
"Boyd, Matthew",DET,SP,1290000
"Happ, Ian",CHC,"OF,UT",1290000
"Griffin, A.J.",,SP,1280000
"Kendrick, Howie",WAS,"OF,UT",1280000
"Miller, Shelby",ARI,SP,1280000
"Reyes, Jose",NYM,"3B,UT",1280000
"Ross, Joe",WAS,SP,1280000
"Williams, Trevor",PIT,SP,1280000
"Andriese, Matt",TB,SP,1270000
"Blach, Ty",SF,SP,1270000
"Escobar, Yunel",,"3B,UT",1270000
"Flores, Wilmer",NYM,"2B,UT",1270000
"Flowers, Tyler",ATL,"C,UT",1270000
"Holland, Derek",SF,SP,1270000
"Reyes, Alex",STL,SP,1270000
"Salas, Fernando",ARI,RP,1270000
"Smith, Seth",,"OF,UT",1270000
"Swanson, Dansby",ATL,"SS,UT",1270000
"Castro, Miguel",BAL,SP,1260000
"Hughes, Phil",MIN,SP,1260000
"Moss, Brandon",OAK,"1B,UT",1260000
"Peralta, Wily",KC,SP,1260000
"Prado, Martin",MIA,"OF,UT",1260000
"Ryu, Hyun-Jin",LAD,SP,1260000
"Gomes, Yan",CLE,"C,UT",1250000
"Street, Huston",,RP,1250000
"Adleman, Tim",,SP,1240000
"Descalso, Daniel",ARI,"2B,UT",1240000
"Hechavarria, Adeiny",TB,"SS,UT",1240000
"Newcomb, Sean",ATL,SP,1240000
"Revere, Ben",,"OF,UT",1240000
"Weaver, Luke",STL,SP,1240000
"d'Arnaud, Travis",NYM,"C,UT",1240000
"Hedges, Austin",SD,"C,UT",1230000
"Mahtook, Mikie",DET,"OF,UT",1230000
"Norris, Daniel",DET,SP,1230000
"Stephenson, Robert",CIN,SP,1230000
"Wright, Steven",BOS,SP,1230000
"Barnhart, Tucker",CIN,"C,UT",1220000
"Chapman, Matt",OAK,"3B,UT",1220000
"Eovaldi, Nathan",TB,SP,1220000
"Grossman, Robbie",MIN,"OF,UT",1220000
"Niese, Jonathon",TEX,SP,1220000
"Albies, Ozzie",ATL,"2B,UT",1210000
"Almora Jr., Albert",CHC,"OF,UT",1210000
"Aybar, Erick",,"SS,UT",1210000
"Dietrich, Derek",MIA,"OF,UT",1210000
"Feldman, Scott",,SP,1210000
"Hoffman, Jeff",COL,SP,1210000
"Rupp, Cameron",PHI,"C,UT",1210000
"Acuna, Ronald",ATL,"OF,UT",1200000
"Bridwell, Parker",LAA,SP,1200000
"Castillo, Luis",CIN,SP,1200000
"Gonzalez, Adrian",NYM,"1B,UT",1200000
"Guerrero Jr., Vladimir",TOR,"3B,UT",1200000
"Junis, Jake",KC,SP,1200000
"Makita, Kazuhisa",SD,RP,1200000
"Mejia, Francisco",CLE,"C,UT",1200000
"Minor, Mike",TEX,SP,1200000
"Pina, Manny",MIL,"C,UT",1200000
"Pivetta, Nick",PHI,SP,1200000
"Rosario, Amed",NYM,"SS,UT",1200000
"Senzel, Nick",CIN,"3B,UT",1200000
"Urias, Julio",LAD,SP,1200000
"Ynoa, Gabriel",BAL,SP,1200000
"Cervelli, Francisco",PIT,"C,UT",1190000
"Jay, Jon",,"OF,UT",1190000
"Martinez, Nick",,SP,1190000
"Montero, Rafael",NYM,RP,1190000
"Tilson, Charlie",CHW,"OF,UT",1190000
"Wood, Travis",DET,RP,1190000
"Cain, Matt",,SP,1180000
"Cron, C.J.",TB,"1B,UT",1180000
"Duffy, Matt",TB,"3B,UT",1180000
"Goins, Ryan",KC,"SS,UT",1180000
"Holt, Brock",BOS,"2B,UT",1180000
"Karns, Nate",KC,SP,1180000
"McCann, James",DET,"C,UT",1180000
"Robles, Hansel",NYM,RP,1180000
"Stripling, Ross",LAD,RP,1180000
"Upton Jr., Melvin",CLE,"OF,UT",1180000
"Jackson, Austin",SF,"OF,UT",1170000
"Maldonado, Martin",LAA,"C,UT",1170000
"Pirela, Jose",SD,"OF,UT",1170000
"Plouffe, Trevor",TEX,"3B,UT",1170000
"Skaggs, Tyler",LAA,SP,1170000
"Sogard, Eric",MIL,"2B,UT",1170000
"Torres, Carlos",,RP,1170000
"Avila, Alex",ARI,"C,UT",1160000
"Bonifacio, Jorge",KC,"OF,UT",1160000
"Carter, Chris",OAK,"1B,UT",1160000
"Chirinos, Robinson",TEX,"C,UT",1160000
"Feliz, Michael",PIT,RP,1160000
"McCarthy, Brandon",ATL,SP,1160000
"Morgan, Adam",PHI,RP,1160000
"Pagan, Angel",SF,"OF,UT",1160000
"Saunders, Michael",,"OF,UT",1160000
"Torreyes, Ronald",NYY,"2B,UT",1160000
"Wisler, Matt",ATL,SP,1160000
"Andujar, Miguel",NYY,"3B,UT",1150000
"Arroyo, Christian",TB,"3B,UT",1150000
"Asuaje, Carlos",SD,"2B,UT",1150000
"Brinson, Lewis",MIA,"OF,UT",1150000
"Despaigne, Odrisamer",MIA,SP,1150000
"Diaz, Aledmys",TOR,"SS,UT",1150000
"Glasnow, Tyler",PIT,SP,1150000
"Gore, MacKenzie",SD,SP,1150000
"Greene, Hunter",CIN,SP,1150000
"Hays, Austin",BAL,"OF,UT",1150000
"Martinez, Jose",STL,"1B,UT",1150000
"Murphy, Tom",COL,"C,UT",1150000
"Norris, Derek",DET,"C,UT",1150000
"Robert, Luis",CHW,"OF,UT",1150000
"Romano, Sal",CIN,SP,1150000
"Romo, Sergio",TB,RP,1150000
"Smyly, Drew",CHC,SP,1150000
"Whitley, Forrest",HOU,SP,1150000
"Wojciechowski, Asher",BAL,SP,1150000
"Adams, Matt",WAS,"1B,UT",1140000
"Cahill, Trevor",,SP,1140000
"Candelario, Jeimer",DET,"3B,UT",1140000
"Faria, Jake",TB,SP,1140000
"Finnegan, Brandon",CIN,SP,1140000
"Guerra, Junior",MIL,SP,1140000
"Hardy, J.J.",,"SS,UT",1140000
"Hembree, Heath",BOS,RP,1140000
"Hernandez, Kike",LAD,"OF,UT",1140000
"Hernandez, Teoscar",TOR,"OF,UT",1140000
"Mejia, Adalberto",MIN,SP,1140000
"Suzuki, Kurt",ATL,"C,UT",1140000
"Utley, Chase",LAD,"2B,UT",1140000
"Aguilar, Jesus",MIL,"1B,UT",1130000
"Anderson, Brett",,SP,1130000
"Hahn, Jesse",KC,SP,1130000
"Hundley, Nick",SF,"C,UT",1130000
"Law, Derek",SF,RP,1130000
"Lyles, Jordan",SD,RP,1130000
"Marisnick, Jake",HOU,"OF,UT",1130000
"Marte, Ketel",ARI,"SS,UT",1130000
"Martin, Leonys",DET,"OF,UT",1130000
"Peavy, Jake",SF,SP,1130000
"Ross, Tyson",SD,SP,1130000
"Soler, Jorge",KC,"OF,UT",1130000
"Whitley, Chase",ATL,RP,1130000
"Williams, Nick",PHI,"OF,UT",1130000
"Bailey, Homer",CIN,SP,1120000
"Espinosa, Danny",NYY,"2B,UT",1120000
"Gee, Dillon",,SP,1120000
"Hernandez, David",CIN,RP,1120000
"Leon, Sandy",BOS,"C,UT",1120000
"Orlando, Paulo",KC,"OF,UT",1120000
"Rasmus, Colby",,"OF,UT",1120000
"Sandoval, Pablo",SF,"3B,UT",1120000
"Triggs, Andrew",OAK,SP,1120000
"Ahmed, Nick",ARI,"SS,UT",1110000
"Barnes, Austin",LAD,"C,UT",1110000
"Barnette, Tony",TEX,RP,1110000
"Buchholz, Clay",,SP,1110000
"Butler, Eddie",CHC,RP,1110000
"Cuthbert, Cheslor",KC,"3B,UT",1110000
"Davis, Rookie",CIN,RP,1110000
"Lopez, Reynaldo",CHW,SP,1110000
"McMahon, Ryan",COL,"1B,UT",1110000
"Merritt, Ryan",CLE,SP,1110000
"Pearce, Steve",TOR,"OF,UT",1110000
"Tapia, Raimel",COL,"OF,UT",1110000
"Travis, Devon",TOR,"2B,UT",1110000
"Wheeler, Zack",NYM,SP,1110000
"Wright, Mike",BAL,SP,1110000
"Zimmer, Bradley",CLE,"OF,UT",1110000
"Adams, Lane",ATL,"OF,UT",1100000
"Albers, Andrew",,SP,1100000
"Alcantara, Sandy",MIA,SP,1100000
"Alford, Anthony",TOR,"OF,UT",1100000
"Allen, Greg",CLE,"OF,UT",1100000
"Anderson, Brian",MIA,"3B,UT",1100000
"Bautista, Rafael",WAS,"OF,UT",1100000
"Bell, Chad",DET,SP,1100000
"Bichette, Bo",TOR,"SS,UT",1100000
"Blackburn, Paul",OAK,SP,1100000
"Bradley, Bobby",CLE,"1B,UT",1100000
"Brentz, Bryce",BOS,"OF,UT",1100000
"Brugman, Jaycob",BAL,"OF,UT",1100000
"Buehler, Walker",LAD,SP,1100000
"Calhoun, Willie",TEX,"OF,UT",1100000
"Calixte, Orlando",SF,"OF,UT",1100000
"Camargo, Johan",ATL,"3B,UT",1100000
"Caratini, Victor",CHC,"C,UT",1100000
"Cooper, Garrett",MIA,"1B,UT",1100000
"Cordero, Franchy",SD,"OF,UT",1100000
"Cordoba, Allen",SD,"OF,UT",1100000
"Covey, Dylan",CHW,SP,1100000
"Davis, J.D.",HOU,"3B,UT",1100000
"De Jong, Chase",SEA,SP,1100000
"Duggar, Steven",SF,"OF,UT",1100000
"Ervin, Phillip",CIN,"OF,UT",1100000
"Evans, Phil",NYM,"3B,UT",1100000
"Flaherty, Jack",STL,SP,1100000
"Flexen, Chris",NYM,SP,1100000
"Fontana, Nolan",LAA,"2B,UT",1100000
"Fowler, Dustin",OAK,"OF,UT",1100000
"Fried, Max",ATL,SP,1100000
"Gale, Rocky",SD,"C,UT",1100000
"Garcia, Willy",CHW,"OF,UT",1100000
"Garver, Mitch",MIN,"C,UT",1100000
"Gaviglio, Sam",KC,SP,1100000
"German, Domingo",NYY,SP,1100000
"Gillaspie, Casey",CHW,"1B,UT",1100000
"Gohara, Luiz",ATL,SP,1100000
"Gonsalves, Stephen",MIN,SP,1100000
"Gonzalez, Erik",CLE,"SS,UT",1100000
"Goodwin, Brian",WAS,"OF,UT",1100000
"Gore, Terrance",KC,"OF,UT",1100000
"Gossett, Daniel",OAK,SP,1100000
"Granite, Zack",MIN,"OF,UT",1100000
"Gregorio, Joan",SF,SP,1100000
"Guzman, Ronald",TEX,"1B,UT",1100000
"Hudson, Dakota",STL,SP,1100000
"Jimenez, Eloy",CHW,"OF,UT",1100000
"Jones, Ryder",SF,"3B,UT",1100000
"Jorge, Felix",MIN,SP,1100000
"Kingery, Scott",PHI,"2B,UT",1100000
"Leiter Jr., Mark",PHI,SP,1100000
"Lewicki, Artie",DET,SP,1100000
"Lively, Ben",PHI,SP,1100000
"Lloyd, Kyle",SD,SP,1100000
"Luplow, Jordan",PIT,"OF,UT",1100000
"Mahle, Tyler",CIN,SP,1100000
"Marjama, Mike",SEA,"C,UT",1100000
"Mengden, Daniel",OAK,SP,1100000
"Mikolas, Miles",STL,SP,1100000
"Moroff, Max",PIT,"2B,UT",1100000
"Nicholas, Brett",TEX,"C,UT",1100000
"Perkins, Cameron",SEA,"OF,UT",1100000
"Peters, Dillon",MIA,SP,1100000
"Plutko, Adam",CLE,SP,1100000
"Povse, Max",SEA,SP,1100000
"Pruitt, Austin",TB,SP,1100000
"Read, Raudy",WAS,"C,UT",1100000
"Riddle, JT",MIA,"SS,UT",1100000
"Rivera, T.J.",NYM,"3B,UT",1100000
"Robertson, Daniel",TB,"2B,UT",1100000
"Robinson, Drew",TEX,"3B,UT",1100000
"Robles, Victor",WAS,"OF,UT",1100000
"Rodgers, Brendan",COL,"SS,UT",1100000
"Rowley, Chris",TOR,SP,1100000
"Sanchez, Adrian",WAS,"2B,UT",1100000
"Santander, Anthony",BAL,"OF,UT",1100000
"Scott, Tanner",BAL,SP,1100000
"Scribner, Troy",LAA,SP,1100000
"Sierra, Magneuris",MIA,"OF,UT",1100000
"Sims, Lucas",ATL,SP,1100000
"Sisco, Chance",BAL,"C,UT",1100000
"Slater, Austin",SF,"OF,UT",1100000
"Slegers, Aaron",MIN,SP,1100000
"Smith, Caleb",MIA,SP,1100000
"Soto, Juan",WAS,"OF,UT",1100000
"Stevenson, Andrew",WAS,"OF,UT",1100000
"Stewart, Christin",DET,"OF,UT",1100000
"Suarez, Andrew",SF,SP,1100000
"Suter, Brent",MIL,SP,1100000
"Tatis Jr., Fernando",SD,"SS,UT",1100000
"Tauchman, Mike",COL,"OF,UT",1100000
"Torres, Ramon",KC,"SS,UT",1100000
"Tucker, Kyle",HOU,"OF,UT",1100000
"Vazquez, Christian",BOS,"C,UT",1100000
"Verdugo, Alex",LAD,"OF,UT",1100000
"Villanueva, Christian",SD,"3B,UT",1100000
"Vincej, Zach",SEA,"SS,UT",1100000
"Voit, Luke",STL,"1B,UT",1100000
"Wade, Tyler",NYY,"SS,UT",1100000
"Williams, Justin",TB,"OF,UT",1100000
"Williams, Taylor",MIL,SP,1100000
"Wood, Hunter",TB,SP,1100000
"Woodruff, Brandon",MIL,SP,1100000
"Zagunis, Mark",CHC,"OF,UT",1100000
"Aoki, Norichika",,"OF,UT",1090000
"Benoit, Joaquin",,RP,1090000
"Blanco, Gregor",SF,"OF,UT",1090000
"Bourn, Michael",ARI,"OF,UT",1090000
"Crisp, Coco",OAK,"OF,UT",1090000
"Garcia, Greg",STL,"3B,UT",1090000
"Iannetta, Chris",COL,"C,UT",1090000
"Jackson, Edwin",,SP,1090000
"Joseph, Caleb",BAL,"C,UT",1090000
"Martes, Francis",HOU,SP,1090000
"Peterson, Jace",NYY,"2B,UT",1090000
"Rojas, Miguel",MIA,"SS,UT",1090000
"Vargas, Kennys",MIN,"1B,UT",1090000
"Young, Chris",,"OF,UT",1090000
"Blanton, Joe",,RP,1080000
"Byrd, Marlon",CLE,"OF,UT",1080000
"Fulmer, Carson",CHW,SP,1080000
"Guyer, Brandon",CLE,"OF,UT",1080000
"Lagares, Juan",NYM,"OF,UT",1080000
"Lawrie, Brett",CHW,"2B,UT",1080000
"Locke, Jeff",,SP,1080000
"Milone, Tommy",WAS,SP,1080000
"Montero, Miguel",WAS,"C,UT",1080000
"Motter, Taylor",SEA,"SS,UT",1080000
"Nicolino, Justin",MIA,SP,1080000
"Schimpf, Ryan",TB,"3B,UT",1080000
"Smith, Kevan",CHW,"C,UT",1080000
"Barney, Darwin",TEX,"2B,UT",1070000
"Bolsinger, Mike",TOR,SP,1070000
"Bourjos, Peter",CHC,"OF,UT",1070000
"Carrera, Ezequiel",TOR,"OF,UT",1070000
"Feliz, Neftali",ARI,RP,1070000
"Heredia, Guillermo",SEA,"OF,UT",1070000
"Herrmann, Chris",ARI,"C,UT",1070000
"Lind, Adam",,"1B,UT",1070000
"Nieuwenhuis, Kirk",SEA,"OF,UT",1070000
"Peralta, Jhonny",,"3B,UT",1070000
"Pinder, Chad",OAK,"OF,UT",1070000
"Rivera, Rene",LAA,"C,UT",1070000
"Smith, Mallex",TB,"OF,UT",1070000
"Castillo, Rusney",BOS,"OF,UT",1060000
"Diaz, Yandy",CLE,"3B,UT",1060000
"Engel, Adam",CHW,"OF,UT",1060000
"Estevez, Carlos",COL,RP,1060000
"Garcia, Leury",CHW,"OF,UT",1060000
"Gose, Anthony",HOU,"OF,UT",1060000
"Hernandez, Gorkys",SF,"OF,UT",1060000
"Johnson, Brian",BOS,SP,1060000
"Lincecum, Tim",LAA,SP,1060000
"Machado, Dixon",DET,"2B,UT",1060000
"Perez, Roberto",CLE,"C,UT",1060000
"Pierzynski, A.J.",ATL,"C,UT",1060000
"Rickard, Joey",BAL,"OF,UT",1060000
"Rodriguez, Sean",PIT,"OF,UT",1060000
"Rondon, Bruce",CHW,RP,1060000
"Rosales, Adam",PHI,"SS,UT",1060000
"Santana, Danny",ATL,"OF,UT",1060000
"Smith, Dominic",NYM,"1B,UT",1060000
"Suzuki, Ichiro",,"OF,UT",1060000
"Arano, Victor",PHI,RP,1050000
"Austin, Tyler",NYY,"1B,UT",1050000
"Beede, Tyler",SF,SP,1050000
"Boyer, Blaine",KC,RP,1050000
"Brault, Steven",PIT,SP,1050000
"Brebbia, John",STL,RP,1050000
"Cessa, Luis",NYY,SP,1050000
"Cole, A.J.",WAS,RP,1050000
"De Leon, Jose",TB,SP,1050000
"Delmonico, Nicky",CHW,"OF,UT",1050000
"Fedde, Erick",WAS,SP,1050000
"Friedrich, Christian",SD,SP,1050000
"Gonzales, Marco",SEA,SP,1050000
"Hanson, Alen",SF,"OF,UT",1050000
"Hazelbaker, Jeremy",ARI,"OF,UT",1050000
"Hernandez, Marco",BOS,"2B,UT",1050000
"Herrera, Ronald",TEX,RP,1050000
"Howard, Ryan",COL,"1B,UT",1050000
"Kopech, Michael",CHW,SP,1050000
"Maddox, Austin",BOS,RP,1050000
"Marte, Jefry",LAA,"3B,UT",1050000
"May, Jacob",CHW,"OF,UT",1050000
"Mesoraco, Devin",CIN,"C,UT",1050000
"Montas, Frankie",OAK,SP,1050000
"Narvaez, Omar",CHW,"C,UT",1050000
"Nava, Daniel",PIT,"OF,UT",1050000
"Nimmo, Brandon",NYM,"OF,UT",1050000
"Oberg, Scott",COL,RP,1050000
"Osuna, Jose",PIT,"OF,UT",1050000
"Pazos, James",SEA,RP,1050000
"Perez, Williams",ATL,SP,1050000
"Romine, Andrew",SEA,"OF,UT",1050000
"Ruiz, Norge",OAK,SP,1050000
"Strahm, Matt",SD,SP,1050000
"Stratton, Chris",SF,SP,1050000
"Suarez, Albert",ARI,RP,1050000
"Tomlinson, Kelby",SF,"2B,UT",1050000
"Torres, Gleyber",NYY,"SS,UT",1050000
"Tropeano, Nick",LAA,SP,1050000
"Tuivailala, Sam",STL,RP,1050000
"Alcantara, Raul",OAK,SP,1040000
"Almonte, Abraham",CLE,"OF,UT",1040000
"Amarista, Alexi",DET,"OF,UT",1040000
"Crick, Kyle",PIT,SP,1040000
"Eflin, Zach",PHI,SP,1040000
"Garrett, Amir",CIN,RP,1040000
"Gimenez, Chris",CHC,"C,UT",1040000
"Gutierrez, Franklin",,"OF,UT",1040000
"Hicks, John",DET,"C,UT",1040000
"Hill, Aaron",,"3B,UT",1040000
"Hutchison, Drew",PHI,SP,1040000
"Kendrick, Kyle",,SP,1040000
"Knapp, Andrew",PHI,"C,UT",1040000
"La Stella, Tommy",CHC,"2B,UT",1040000
"Maxwell, Bruce",OAK,"C,UT",1040000
"Meyer, Alex",LAA,SP,1040000
"Reed, Cody",CIN,SP,1040000
"Saladino, Tyler",CHW,"SS,UT",1040000
"Szczur, Matt",SD,"OF,UT",1040000
"Thompson, Jake",PHI,SP,1040000
"White, Tyler",HOU,"1B,UT",1040000
"Wilson, Tyler",,SP,1040000
"Wolters, Tony",COL,"C,UT",1040000
"Worley, Vance",CIN,RP,1040000
"Young Jr., Eric",LAA,"OF,UT",1040000
"Alberto, Hanser",TEX,"SS,UT",1030000
"Alvarez, Pedro",,"1B,UT",1030000
"Appel, Mark",PHI,SP,1030000
"Bandy, Jett",MIL,"C,UT",1030000
"Burns, Billy",KC,"OF,UT",1030000
"Collins, Tyler",KC,"OF,UT",1030000
"Cosart, Jarred",SD,SP,1030000
"Cowart, Kaleb",LAA,"2B,UT",1030000
"Duke, Zach",MIN,RP,1030000
"Elias, Roenis",BOS,SP,1030000
"Gillaspie, Conor",,"3B,UT",1030000
"Heston, Chris",SF,SP,1030000
"Jankowski, Travis",SD,"OF,UT",1030000
"Mathis, Jeff",ARI,"C,UT",1030000
"Raburn, Ryan",WAS,"OF,UT",1030000
"Ryan, Kyle",CHC,SP,1030000
"Tejada, Ruben",BAL,"SS,UT",1030000
"Tepesch, Nick",,SP,1030000
"Thompson, Trayce",LAD,"OF,UT",1030000
"Warren, Adam",NYY,RP,1030000
"Adames, Cristhian",MIA,"SS,UT",1020000
"Anderson, Cody",CLE,SP,1020000
"Canha, Mark",OAK,"OF,UT",1020000
"Coats, Jason",CHW,"OF,UT",1020000
"Coghlan, Chris",,"OF,UT",1020000
"De La Rosa, Rubby",ARI,SP,1020000
"Drew, Stephen",,"2B,UT",1020000
"Farmer, Buck",DET,SP,1020000
"Fuentes, Rey",ARI,"OF,UT",1020000
"Heaney, Andrew",LAA,SP,1020000
"House, TJ",CHW,SP,1020000
"Latos, Mat",,SP,1020000
"Mondesi, Raul",KC,"SS,UT",1020000
"Motte, Jason",STL,RP,1020000
"Naquin, Tyler",CLE,"OF,UT",1020000
"Nuno, Vidal",TB,SP,1020000
"Reynolds, Matt",WAS,"3B,UT",1020000
"Rua, Ryan",TEX,"OF,UT",1020000
"Ruiz, Carlos",,"C,UT",1020000
"Saltalamacchia, Jarrod",TOR,"C,UT",1020000
"Travis, Sam",BOS,"1B,UT",1020000
"Weber, Ryan",TB,SP,1020000
"Zych, Tony",SEA,RP,1020000
"Alfaro, Jorge",PHI,"C,UT",1010000
"Asche, Cody",KC,"OF,UT",1010000
"Asher, Alec",BAL,SP,1010000
"Avilan, Luis",CHW,RP,1010000
"Crawford, J.P.",PHI,"SS,UT",1010000
"Dickerson, Alex",SD,"OF,UT",1010000
"Fisher, Derek",HOU,"OF,UT",1010000
"Frazier, Clint",NYY,"OF,UT",1010000
"Grimm, Justin",CHC,RP,1010000
"Heisey, Chris",MIN,"OF,UT",1010000
"Hoying, Jared",LAA,"OF,UT",1010000
"Jungmann, Taylor",,RP,1010000
"Kivlehan, Patrick",CIN,"OF,UT",1010000
"Lamb, John",CIN,SP,1010000
"Liriano, Rymer",,"OF,UT",1010000
"Moran, Colin",PIT,"3B,UT",1010000
"Parker, Jarrett",SF,"OF,UT",1010000
"Rea, Colin",SD,SP,1010000
"Ruggiano, Justin",SF,"OF,UT",1010000
"Rutledge, Josh",,"2B,UT",1010000
"Sardinas, Luis",BAL,"SS,UT",1010000
"Shipley, Braden",ARI,SP,1010000
"Stassi, Brock",MIN,"1B,UT",1010000
"Van Slyke, Scott",MIA,"OF,UT",1010000
"Abad, Fernando",PHI,RP,1000000
"Ackley, Dustin",NYY,"OF,UT",1000000
"Adames, Willy",TB,"SS,UT",1000000
"Adams, Chance",NYY,SP,1000000
"Adrianza, Ehire",MIN,"SS,UT",1000000
"Albers, Matt",MIL,RP,1000000
"Alcantara, Victor",DET,SP,1000000
"Almonte, Miguel",KC,SP,1000000
"Altavilla, Dan",SEA,RP,1000000
"Arcia, Oswaldo",,"OF,UT",1000000
"Arencibia, J.P.",TB,"C,UT",1000000
"Bader, Harrison",STL,"OF,UT",1000000
"Banda, Anthony",ARI,SP,1000000
"Banuelos, Manny",LAD,SP,1000000
"Barnes, Brandon",CLE,"OF,UT",1000000
"Baron, Steven",STL,"C,UT",1000000
"Barreto, Franklin",OAK,"SS,UT",1000000
"Barrett, Jake",ARI,RP,1000000
"Bassitt, Chris",OAK,SP,1000000
"Bauers, Jake",TB,"1B,UT",1000000
"Beck, Chris",CHW,RP,1000000
"Beckham, Gordon",SEA,"2B,UT",1000000
"Beeler, Dallas",CHC,SP,1000000
"Belisle, Matt",,RP,1000000
"Bethancourt, Christian",MIL,"C,UT",1000000
"Binford, Christian",KC,SP,1000000
"Blair, Aaron",ATL,SP,1000000
"Blanco, Andres",SF,"2B,UT",1000000
"Blash, Jabari",NYY,"OF,UT",1000000
"Bracho, Silvino",ARI,RP,1000000
"Breslow, Craig",TOR,RP,1000000
"Brito, Socrates",ARI,"OF,UT",1000000
"Brown, Trevor",SF,"C,UT",1000000
"Butera, Drew",KC,"C,UT",1000000
"Cabrera, Ramon",CIN,"C,UT",1000000
"Casali, Curt",TEX,"C,UT",1000000
"Castro, Daniel",ATL,"SS,UT",1000000
"Cecchini, Gavin",NYM,"SS,UT",1000000
"Ceciliani, Darrell",TOR,"OF,UT",1000000
"Centeno, Juan",TEX,"C,UT",1000000
"Ciriaco, Pedro",,"3B,UT",1000000
"Colabello, Chris",TOR,"1B,UT",1000000
"Colon, Christian",ATL,"2B,UT",1000000
"Conger, Hank",,"C,UT",1000000
"Corporan, Carlos",,"C,UT",1000000
"Cravy, Tyler",MIL,RP,1000000
"Cruz, Tony",KC,"C,UT",1000000
"Culberson, Charlie",ATL,"SS,UT",1000000
"Danish, Tyler",CHW,SP,1000000
"Dayton, Grant",ATL,RP,1000000
"De Aza, Alejandro",,"OF,UT",1000000
"Decker, Jaff",ATL,"OF,UT",1000000
"Diaz, Elias",PIT,"C,UT",1000000
"Diaz, Jumbo",MIA,RP,1000000
"Difo, Wilmer",WAS,"SS,UT",1000000
"Dozier, Hunter",KC,"OF,UT",1000000
"Duensing, Brian",CHC,RP,1000000
"Edgin, Josh",BAL,RP,1000000
"Eibner, Brett",TEX,"OF,UT",1000000
"Ellis, A.J.",SD,"C,UT",1000000
"Erlin, Robbie",SD,SP,1000000
"Ethier, Andre",,"OF,UT",1000000
"Federowicz, Tim",HOU,"C,UT",1000000
"Fernandez, Jose Miguel",LAD,"2B,UT",1000000
"Flaherty, Ryan",PHI,"3B,UT",1000000
"Flores, Ramon",,"OF,UT",1000000
"Frias, Carlos",LAD,SP,1000000
"Garneau, Dustin",OAK,"C,UT",1000000
"Gentry, Craig",BAL,"OF,UT",1000000
"Gerber, Mike",DET,"OF,UT",1000000
"Giavotella, Johnny",MIA,"2B,UT",1000000
"Goeddel, Erik",TEX,RP,1000000
"Goeddel, Tyler",PHI,"OF,UT",1000000
"Gomez, Jeanmar",CHW,RP,1000000
"Gonzalez, Chi Chi",TEX,SP,1000000
"Gonzalez, Severino",MIA,RP,1000000
"Gosewisch, Tuffy",SEA,"C,UT",1000000
"Gosselin, Phil",CIN,"2B,UT",1000000
"Guerra, Deolis",TEX,RP,1000000
"Guerrero, Gabriel",CIN,"OF,UT",1000000
"Guerrieri, Taylor",TOR,SP,1000000
"Hale, David",NYY,SP,1000000
"Hanigan, Ryan",CLE,"C,UT",1000000
"Hart, Donnie",BAL,RP,1000000
"Herrera, Dilson",CIN,"2B,UT",1000000
"Holaday, Bryan",MIA,"C,UT",1000000
"Honeywell, Brent",TB,SP,1000000
"Hu, Chih-Wei",TB,RP,1000000
"Hunter, Tommy",PHI,RP,1000000
"Ibanez, Andy",TEX,"2B,UT",1000000
"Infante, Omar",ATL,"2B,UT",1000000
"Ishikawa, Travis",SF,"1B,UT",1000000
"Jagielo, Eric",CIN,"3B,UT",1000000
"Johnson, Erik",SD,SP,1000000
"Johnson, Kelly",NYM,"2B,UT",1000000
"Johnson, Micah",TB,"2B,UT",1000000
"Jones, JaCoby",DET,"OF,UT",1000000
"Kaminsky, Rob",CLE,SP,1000000
"Kelly, Carson",STL,"C,UT",1000000
"Kemp, Tony",HOU,"OF,UT",1000000
"Kieboom, Spencer",WAS,"C,UT",1000000
"LaMarre, Ryan",MIN,"OF,UT",1000000
"Lake, Junior",SEA,"OF,UT",1000000
"Lee, Chris",BAL,SP,1000000
"Lee, Zach",,SP,1000000
"Lobaton, Jose",NYM,"C,UT",1000000
"Lobstein, Kyle",PIT,SP,1000000
"Logan, Boone",MIL,RP,1000000
"Lopez, Jorge",MIL,SP,1000000
"Lough, David",PHI,"OF,UT",1000000
"Maile, Luke",TOR,"C,UT",1000000
"Marrero, Deven",BOS,"3B,UT",1000000
"McGowan, Dustin",TB,RP,1000000
"McKinney, Billy",NYY,"OF,UT",1000000
"Meadows, Austin",PIT,"OF,UT",1000000
"Mendez, Yohander",TEX,SP,1000000
"Middlebrooks, Will",PHI,"3B,UT",1000000
"Mitchell, Bryan",SD,SP,1000000
"Moore, Andrew",SEA,SP,1000000
"Moore, Tyler",,"1B,UT",1000000
"Morin, Mike",SEA,RP,1000000
"Morse, Michael",,"1B,UT",1000000
"Moya, Steven",DET,"OF,UT",1000000
"Moylan, Peter",,RP,1000000
"Murphy, John Ryan",ARI,"C,UT",1000000
"Navarro, Dioner",CHW,"C,UT",1000000
"Newman, Kevin",PIT,"SS,UT",1000000
"Nunez, Renato",OAK,"3B,UT",1000000
"O'Brien, Peter",LAD,"OF,UT",1000000
"O'Conner, Justin",TB,"C,UT",1000000
"O'Hearn, Ryan",KC,"1B,UT",1000000
"O'Malley, Shawn",COL,"SS,UT",1000000
"O'Neill, Tyler",STL,"OF,UT",1000000
"Osich, Josh",SF,RP,1000000
"Overton, Dillon",SD,SP,1000000
"Owens, Henry",LAD,SP,1000000
"Pacheco, Jordan",MIN,"3B,UT",1000000
"Palka, Daniel",CHW,"OF,UT",1000000
"Paredes, Jimmy",,"OF,UT",1000000
"Parker, Kyle",CIN,"OF,UT",1000000
"Parmelee, Chris",NYY,"1B,UT",1000000
"Patterson, Jordan",COL,"OF,UT",1000000
"Paulino, David",HOU,SP,1000000
"Paulsen, Ben",,"1B,UT",1000000
"Pena, Brayan",DET,"C,UT",1000000
"Pena, Francisco",STL,"C,UT",1000000
"Pennington, Cliff",CIN,"2B,UT",1000000
"Perez, Carlos",LAA,"C,UT",1000000
"Perez, Yefri",MIA,"OF,UT",1000000
"Peter, Jake",CHW,"2B,UT",1000000
"Peterson, Shane",SD,"OF,UT",1000000
"Petit, Gregorio",MIN,"SS,UT",1000000
"Phegley, Josh",OAK,"C,UT",1000000
"Phillips, Brett",MIL,"OF,UT",1000000
"Plawecki, Kevin",NYM,"C,UT",1000000
"Pompey, Dalton",TOR,"OF,UT",1000000
"Powell, Boog",OAK,"OF,UT",1000000
"Profar, Jurickson",TEX,"OF,UT",1000000
"Quackenbush, Kevin",CIN,RP,1000000
"Quinn, Roman",PHI,"OF,UT",1000000
"Ramirez, Harold",TOR,"OF,UT",1000000
"Ravelo, Rangel",OAK,"1B,UT",1000000
"Ravin, Josh",ATL,RP,1000000
"Recker, Anthony",,"C,UT",1000000
"Reed, AJ",HOU,"1B,UT",1000000
"Reed, Michael",CIN,"OF,UT",1000000
"Refsnyder, Rob",CLE,"2B,UT",1000000
"Reinheimer, Jack",ARI,"SS,UT",1000000
"Renda, Tony",ARI,"2B,UT",1000000
"Robinson, Clint",WAS,"1B,UT",1000000
"Robinson, Shane",NYY,"OF,UT",1000000
"Rodgers, Brady",HOU,SP,1000000
"Rogers, Jason",PIT,"1B,UT",1000000
"Romine, Austin",NYY,"C,UT",1000000
"Rondon, Jose",CHW,"SS,UT",1000000
"Ruiz, Rio",ATL,"3B,UT",1000000
"Rzepczynski, Marc",SEA,RP,1000000
"Sanchez, Hector",SF,"C,UT",1000000
"Sands, Jerry",CHW,"OF,UT",1000000
"Schafer, Logan",BAL,"OF,UT",1000000
"Selsky, Steve",BOS,"OF,UT",1000000
"Severino, Pedro",WAS,"C,UT",1000000
"Shaffer, Richie",CLE,"1B,UT",1000000
"Shuck, J.B.",MIA,"OF,UT",1000000
"Siegrist, Kevin",,RP,1000000
"Singleton, Jon",HOU,"1B,UT",1000000
"Sipp, Tony",HOU,RP,1000000
"Skoglund, Eric",KC,SP,1000000
"Smolinski, Jake",OAK,"OF,UT",1000000
"Snider, Travis",NYM,"OF,UT",1000000
"Solis, Sammy",WAS,RP,1000000
"Soto, Geovany",,"C,UT",1000000
"Stammen, Craig",SD,RP,1000000
"Starling, Bubba",KC,"OF,UT",1000000
"Stassi, Max",HOU,"C,UT",1000000
"Stewart, Brock",LAD,SP,1000000
"Stewart, Chris",ATL,"C,UT",1000000
"Stubbs, Drew",,"OF,UT",1000000
"Sucre, Jesus",TB,"C,UT",1000000
"Susac, Andrew",BAL,"C,UT",1000000
"Sweeney, Darnell",CIN,"2B,UT",1000000
"Swihart, Blake",BOS,"C,UT",1000000
"Telis, Tomas",MIA,"C,UT",1000000
"Tellez, Rowdy",TOR,"1B,UT",1000000
"Toles, Andrew",LAD,"OF,UT",1000000
"Tucker, Preston",ATL,"OF,UT",1000000
"Urena, Richard",TOR,"SS,UT",1000000
"Urshela, Giovanny",CLE,"3B,UT",1000000
"Valaika, Pat",COL,"SS,UT",1000000
"Vargas, Cesar",WAS,SP,1000000
"Vogelbach, Daniel",SEA,"1B,UT",1000000
"Voth, Austin",WAS,SP,1000000
"Wallace, Brett",SD,"3B,UT",1000000
"Weeks Jr., Rickie",,"OF,UT",1000000
"Weeks, Jemile",SD,"2B,UT",1000000
"Wendle, Joey",TB,"2B,UT",1000000
"Williams, Mason",CIN,"OF,UT",1000000
"Williamson, Mac",SF,"OF,UT",1000000
"Winker, Jesse",CIN,"OF,UT",1000000
"Wright, Daniel",CIN,SP,1000000
"Wright, David",NYM,"3B,UT",1000000
"Yarbrough, Ryan",TB,SP,1000000
"den Dekker, Matt",NYM,"OF,UT",1000000
